track_id,track_name,artists,album_name,popularity,duration_ms,danceability,energy,valence,acousticness,tempo,track_genre,world
62ke5zFUJN6RvtXZgVH0F8,Only Love Can Hurt Like This,Paloma Faith,A Perfect Contradiction (Outsiders' Expanded Edition),87,232893,0.566,0.885,0.304,0.0958,90.99,british,Europe
0gplL1WMoJ6iYaPgMCL0gX,Easy On Me,Adele,Easy On Me,85,224694,0.604,0.366,0.13,0.578,141.981,british,Europe
7nFJSfGvvV0WjatTZN6QYi,Bamba (feat. Aitch & BIA),Luciano;Aitch;BIA,Bamba (feat. Aitch & BIA),84,203255,0.798,0.806,0.82,0.145,138.082,german,Europe
3Kkjo3cT83cw09VJyrLNwX,Oh My God,Adele,30,82,225148,0.534,0.725,0.55,0.091,88.098,british,Europe
6dGnYIeXmHdcikdzNNDMm2,Here Comes The Sun - Remastered 2009,The Beatles,Abbey Road (Remastered),82,185733,0.557,0.54,0.394,0.0339,129.171,british,Europe
3bNv3VuUOKgrf5hu3YcuRo,Someone Like You,Adele,21,81,285240,0.556,0.319,0.294,0.893,135.187,british,Europe
4IhTXiZLKATmwhMZIb1GQN,Lights Are On,Tom Rosenthal,Z-Sides,81,193749,0.44,0.04,0.249,0.981,135.965,british,Europe
09IStsImFySgyp0pIQdqAc,The Middle,Zedd;Maren Morris;Grey,The Middle,80,184732,0.753,0.657,0.437,0.171,107.01,german,Europe
3kcKlOkQQEPVwxwljbGJ5p,Kernkraft 400 (A Better Day),Topic;A7S,Kernkraft 400 (A Better Day),80,165800,0.623,0.727,0.4,0.184,125.975,german,Europe
63T7DJ1AFDD6Bn8VzG6JE8,"Paint It, Black",The Rolling Stones,Aftermath,80,202266,0.464,0.795,0.612,0.0493,158.691,british,Europe
34xGLuxM0rkxhCVyMSqwJO,Stolen Dance,Milky Chance,Sadnecessary,80,313684,0.884,0.581,0.728,0.427,114.016,german,Europe
3di5hcvxxciiqwMH1jarhY,Set Fire to the Rain,Adele,21,80,242973,0.603,0.67,0.446,0.00408,107.993,british,Europe
5ZduaRci3iNUiDfJbBfAaf,Give It To Me - Full Vocal Mix,Matt Sassari,Give It To Me (Full Vocal Mix),79,102860,0.874,0.869,0.726,0.00116,126.027,french,Europe
6O5TrlFWTYvznd9fMC0VvU,When We Were Young,Adele,25,79,290900,0.376,0.595,0.265,0.303,144.361,british,Europe
5YaskwnGDZFDRipaqzbwQx,Your Love (9PM),ATB;Topic;A7S,Your Love (9PM),79,150052,0.669,0.784,0.517,0.194,125.993,german,Europe
3ovjw5HZZv43SxTwApooCM,Wind Of Change,Scorpions,Crazy World,79,312360,0.452,0.524,0.246,0.315,151.505,german,Europe
6PrB4KpvuoYWtwjPC5a44S,Balader,Soolking;Niska,Sans visa,79,176120,0.603,0.802,0.787,0.306,130.121,french,Europe
2XRn6Qu0Wd1KvOND8JbaTx,Beautiful Girl,Luciano,Beautiful Girl,78,179186,0.839,0.412,0.607,0.287,139.901,german,Europe
3H7ihDc1dqLriiWXwsc2po,Breaking Me,Topic;A7S,Breaking Me,78,166793,0.789,0.72,0.664,0.223,122.031,german,Europe
0oA9wBGDY4uyILLg4GymWP,Tom's Diner,AnnenMayKantereit;Giant Rooks,Tom's Diner,78,269333,0.68,0.428,0.334,0.376,98.222,german,Europe
0DuWDLjriRPjDRoPgaCslY,Love In The Dark,Adele,25,78,285935,0.331,0.341,0.152,0.528,109.821,british,Europe
1MqzIgGsHP4cNjPboevsfq,Tourner Dans Le Vide,Indila,Mini World,78,246093,0.594,0.698,0.376,0.103,119.991,french,Europe
6VObnIkLVruX4UVyxWhlqm,Skyfall,Adele,Skyfall,78,286480,0.346,0.552,0.0789,0.417,75.881,british,Europe
0z3bi63SNZ5ylyHOzb81Uq,PETETE,Gambi,PETETE,78,123846,0.752,0.669,0.627,0.167,155.997,french,Europe
7iN1s7xHE4ifF5povM6A48,Let It Be - Remastered 2009,The Beatles,Let It Be (Remastered),77,243026,0.443,0.403,0.41,0.631,143.462,british,Europe
2PzU4IB8Dr6mxV3lHuaG34,(I Can't Get No) Satisfaction - Mono Version,The Rolling Stones,Out Of Our Heads,77,222813,0.723,0.863,0.931,0.0383,136.302,british,Europe
6H3kDe7CGoWYBabAeVWGiD,Gimme Shelter,The Rolling Stones,Let It Bleed,77,270773,0.634,0.63,0.489,0.447,118.628,british,Europe
7mjSHL2Eb0kAwiKbvNNyD9,Wild World,Yusuf / Cat Stevens,Tea For The Tillerman (Remastered 2020),77,200560,0.48,0.542,0.567,0.345,152.853,british,Europe
2EqlS6tkEnglzr7tkKAAYD,Come Together - Remastered 2009,The Beatles,Abbey Road (Remastered),77,259946,0.533,0.376,0.187,0.0302,165.007,british,Europe
48CKzGWOC65n8a8kdANJV8,Only Love Can Hurt Like This - Slowed Down Version,Paloma Faith,Only Love Can Hurt Like This (Slowed Down Version),77,257743,0.554,0.854,0.387,0.102,82.012,british,Europe
7HKez549fwJQDzx3zLjHKC,Start Me Up - Remastered 2009,The Rolling Stones,Tattoo You (2009 Re-Mastered),77,213066,0.631,0.932,0.971,0.0436,122.429,british,Europe
3Fzlg5r1IjhLk2qRw667od,Dancing in the Moonlight,Toploader,Onka's Big Moka,77,232693,0.632,0.856,0.867,0.0624,119.397,british,Europe
5YdnOm5990Kfq1Jodws98B,Call It Love,Felix Jaehn;Ray Dalton,Call It Love,77,154560,0.616,0.841,0.714,0.0559,110.029,german,Europe
2nGFzvICaeEWjIrBrL2RAx,Put Your Records On,Corinne Bailey Rae,Corinne Bailey Rae,77,215360,0.739,0.511,0.542,0.167,96.038,british,Europe
50Td3qilgs8BLtv8mHyT1t,Control,Zoe Wees,Control,77,230880,0.599,0.465,0.0678,0.643,113.82,german,Europe
2bPGTMB5sFfFYQ2YvSmup0,Deutschland,Rammstein,Rammstein,77,322339,0.521,0.895,0.237,5.54e-05,120.117,german,Europe
65uoaqX5qcjXZRheAj1qQT,Dernière danse,Indila,Mini World,76,213493,0.669,0.449,0.327,0.184,114.926,french,Europe
6GyFP1nfCDB8lbD2bG0Hq9,Midnight City,M83,"Hurry up, We're Dreaming",76,243960,0.507,0.729,0.272,0.0182,105.013,french,Europe
3BQHpFgAp4l80e1XslIjNI,Yesterday - Remastered 2009,The Beatles,Help! (Remastered),76,125666,0.332,0.179,0.315,0.879,96.529,british,Europe
3qiyyUfYe7CRYLucrPmulD,Baba O'Riley,The Who,Who's Next (Deluxe Edition),76,300400,0.489,0.724,0.15,0.313,117.292,british,Europe
5tf1VVWniHgryyumXyJM7w,Sugar (feat. Francesco Yates),Robin Schulz;Francesco Yates,Sugar,76,219043,0.636,0.815,0.636,0.0185,123.063,german,Europe
6uBhi9gBXWjanegOb2Phh0,Stay,Zedd;Alessia Cara,Stay,76,210090,0.69,0.622,0.544,0.253,102.04,german,Europe
1kwHrBWAlucOE57lWugotk,Do It Better (feat. Zoe Wees),Felix Jaehn;Zoe Wees,Do It Better (feat. Zoe Wees),76,170045,0.677,0.804,0.41,0.0818,122.111,german,Europe
2CewvqbfMOcnvYE3yayAJV,I Believe,KAMRAD,I Believe,76,147007,0.711,0.681,0.775,0.124,118.021,german,Europe
1Fb8gCHRkmNAaN8vytd5vg,West Connect (feat. Central Cee),Luciano;Central Cee,Majestic,75,212114,0.92,0.571,0.465,0.0681,139.99,german,Europe
3jDdpx9PMlfMBS5tOBHFm9,Return of the Mack,Mark Morrison,Return of the Mack,75,213093,0.715,0.833,0.612,0.00631,95.487,british,Europe
5awDvzxWfd53SSrsRZ8pXO,Du hast,Rammstein,Sehnsucht,75,234226,0.64,0.922,0.716,0.00369,125.105,german,Europe
1elhmWW7Bv0MOQj2gAsyoV,Make You Say,Zedd;Maren Morris;BEAUZ,Make You Say,75,206000,0.687,0.61,0.649,0.351,128.15,german,Europe
60wwxj6Dd9NJlirf84wr2c,Clarity,Zedd;Foxes,Clarity,75,271426,0.509,0.781,0.176,0.0398,128.0,german,Europe
4mn2kNTqiGLwaUR8JdhJ1l,House of the Rising Sun,The Animals,The Singles Plus,75,269906,0.316,0.484,0.299,0.000334,117.363,british,Europe
7wZUrN8oemZfsEd1CGkbXE,Bleeding Love,Leona Lewis,Spirit,75,262466,0.638,0.656,0.225,0.188,104.036,british,Europe
6nGeLlakfzlBcFdZXteDq7,Love Story,Indila,Mini World,75,316280,0.375,0.255,0.331,0.815,95.978,french,Europe
6nLvaCZFR1wEzW3sIKpsnr,"Valerie - Live At BBC Radio 1 Live Lounge, London / 2007",Amy Winehouse,Back To Black (Deluxe Edition),75,233733,0.772,0.371,0.684,0.744,96.574,british,Europe
5ZBeML7Lf3FMEVviTyvi8l,Twist And Shout - Remastered 2009,The Beatles,Please Please Me (Remastered),75,155226,0.482,0.849,0.937,0.641,124.631,british,Europe
6v0UJD4a2FtleHeSYVX02A,I Drink Wine,Adele,30,75,376169,0.437,0.565,0.306,0.697,115.389,british,Europe
2kkvB3RNRzwjFdGhaUA0tz,Layla,Derek & The Dominos,Layla And Other Assorted Love Songs (Remastered 2010),74,423840,0.404,0.902,0.497,0.577,115.669,british,Europe
0Z5ok0QLLttAKsujOZYOXf,Chasing Pavements,Adele,19,74,210506,0.616,0.47,0.325,0.291,80.03,british,Europe
1Ud6moTC0KyXMq1Oxfien0,Sympathy For The Devil - 50th Anniversary Edition,The Rolling Stones,Beggars Banquet (50th Anniversary Edition),74,378146,0.702,0.668,0.561,0.518,116.063,british,Europe
1CxtymiucDK0AB9vgGZ6q2,J’comprends pas,PNL,Que la famille,74,283493,0.373,0.523,0.0398,0.228,104.959,french,Europe
0RdUX4WE0fO30VnlUbDVL6,Still Loving You,Scorpions,Comeblack,74,403453,0.282,0.605,0.0783,0.0047,103.929,german,Europe
476V2d6iA2tWXgQboKmTtA,Father And Son,Yusuf / Cat Stevens,Tea For The Tillerman (Remastered 2020),74,221120,0.495,0.326,0.371,0.541,136.243,british,Europe
0JpEMzTHbt2zBIXrntrXzG,Young Right Now,Robin Schulz;Dennis Lloyd,Young Right Now,74,186140,0.539,0.708,0.381,0.0129,123.039,german,Europe
6pWgRkpqVfxnj3WuIcJ7WP,Cornfield Chase,Hans Zimmer,Interstellar (Original Motion Picture Soundtrack) [Expanded Edition],74,126959,0.18,0.226,0.048,0.951,94.079,german,Europe
5u8Y0lAUlBLwuhpXSDUGf4,Rain In Ibiza,Felix Jaehn;The Stickmen Project;Calum Scott,Rain In Ibiza,74,141931,0.654,0.898,0.722,0.0844,123.996,german,Europe
3gVhsZtseYtY1fMuyYq06F,Sonne,Rammstein,Mutter,74,272440,0.51,0.917,0.313,0.0054,75.098,german,Europe
6DEMMeWXfmFAXgDUMMzeg6,All I Ask,Adele,25,74,271800,0.591,0.28,0.348,0.889,141.916,british,Europe
6w8ZPYdnGajyfPddTWdthN,Can I Get It,Adele,30,74,210384,0.703,0.68,0.536,0.0171,97.985,british,Europe
3KfbEIOC7YIv90FIfNSZpo,In My Life - Remastered 2009,The Beatles,Rubber Soul (Remastered),74,146333,0.688,0.435,0.435,0.449,103.239,british,Europe
0aym2LBJBk9DAYuHHutrIl,Hey Jude - Remastered 2015,The Beatles,1 (Remastered),74,425653,0.386,0.607,0.532,0.0112,147.207,british,Europe
5jgFfDIR6FR0gvlA56Nakr,Blackbird - Remastered 2009,The Beatles,The Beatles (Remastered),74,138386,0.686,0.127,0.372,0.754,93.699,british,Europe
4KHXk0rTD80mEf7bbdK29j,Suavemente,Soolking,Suavemente,74,159357,0.865,0.682,0.508,0.284,140.052,french,Europe
3YKptz29AsOlm7WAVnztBh,Kiss from a Rose,Seal,Seal,74,288426,0.584,0.533,0.224,0.684,131.745,british,Europe
1Yk0cQdMLx5RzzFTYwmuld,Hello,Adele,25,74,295502,0.578,0.43,0.288,0.33,78.991,british,Europe
1gcESexgftSuLuML57Y69q,All Right Now,Free,Fire And Water,73,330643,0.787,0.472,0.824,0.221,120.059,british,Europe
77oU2rjC5XbjQfNe3bD6so,Beast Of Burden - Remastered 1994,The Rolling Stones,Some Girls,73,265173,0.783,0.878,0.885,0.39,100.626,british,Europe
0DMRKqrpd0QO4RWiEdMib0,You Know I'm No Good,Amy Winehouse,Back To Black (Deluxe Edition),73,257186,0.694,0.496,0.799,0.0139,103.372,british,Europe
6Ql7rNuoP90aIdgwQkPYBP,Synchronize,Milky Chance,Synchronize,73,164576,0.728,0.82,0.652,0.00898,124.001,german,Europe
0Jh6iWjna1wk5le0Ahn7No,La vie qu'on mène,Ninho,Destin,73,193443,0.8,0.756,0.456,0.687,113.204,french,Europe
3N4DI1vuTSX1tz7fa2NQZw,Rehab,Amy Winehouse,Back To Black (Deluxe Edition),73,214946,0.407,0.558,0.777,0.0541,71.815,british,Europe
4xbXuRfZ2ZLktw5QEdGYnX,On Repeat,Robin Schulz;David Guetta,On Repeat,73,190217,0.609,0.801,0.202,0.0246,122.958,german,Europe
1HPJOoIVdUPuaebxzMrVaD,Words - Original Version 1983,F.R. David,Words,73,209013,0.537,0.789,0.527,0.372,123.763,french,Europe
6ek9SiEj5a65WIs2EV7qiM,Son Of A Preacher Man,Dusty Springfield,Dusty In Memphis,73,148053,0.404,0.43,0.641,0.538,180.061,british,Europe
5fnA9mkIfScSqHIpeDyvck,Prayer in C - Robin Schulz Radio Edit,Lilly Wood and The Prick;Robin Schulz,Prayer in C,73,189413,0.763,0.875,0.8,0.024,123.013,french,Europe
14rZjW3RioG7WesZhYESso,"Comptine d'un autre été, l'après-midi",Yann Tiersen,Le Fabuleux destin d'Amélie Poulain (Bande originale du film),73,140733,0.483,0.192,0.0542,0.991,100.848,french,Europe
6ZFbXIJkuI1dVNWvzJzown,Time,Hans Zimmer,Inception (Music from the Motion Picture),72,275556,0.286,0.0968,0.0395,0.178,62.881,german,Europe
0pNeVovbiZHkulpGeOx1Gj,Something - Remastered 2009,The Beatles,Abbey Road (Remastered),72,182293,0.396,0.338,0.377,0.198,133.522,british,Europe
1GcVa4jFySlun4jLSuMhiq,Angie,The Rolling Stones,Goats Head Soup (Remastered 2009),72,272000,0.429,0.554,0.407,0.67,136.302,british,Europe
5fRvePkRGdpn2nKacG7I6d,Coco Jamboo,Mr. President,We See The Same Sun,72,218733,0.832,0.838,0.965,0.0791,100.021,german,Europe
563SfWAHJs4FBZMkRN0IFN,Send My Love (To Your New Lover),Adele,25,72,223078,0.688,0.533,0.567,0.0355,164.069,british,Europe
2RO4aPByijQUqBZhYm1apz,Call on me (feat. Ed Sheeran),Vianney;Ed Sheeran,Call on me (feat. Ed Sheeran),72,200706,0.618,0.66,0.572,0.116,81.023,french,Europe
4pbG9SUmWIvsROVLF0zF9s,I Want To Hold Your Hand - Remastered 2015,The Beatles,1 (Remastered),72,145746,0.49,0.715,0.866,0.386,130.726,british,Europe
1m0UFnuTktOkksvjbF9z0m,Ramenez la coupe à la maison,Vegedream,Marchand de sable,72,235555,0.808,0.661,0.804,0.0358,107.992,french,Europe
4lsOsGMzO1yCjGVucoWOZ1,Ainsi bas la vida,Indila,Mini World (Deluxe),72,214760,0.776,0.641,0.437,0.0486,128.05,french,Europe
01Q3OyB05mLgH01fpdAMPP,Wait,M83,"Hurry up, We're Dreaming",72,343253,0.426,0.228,0.0822,0.198,147.994,french,Europe
6RK3IsiUW6YaSMEodbO4tk,Solitude - Felsmann + Tiley Reinterpretation,M83;Felsmann + Tiley,Solitude (Felsmann + Tiley Reinterpretation),72,222354,0.367,0.202,0.0362,0.668,121.865,french,Europe
3HeZam86SuxGp1wZ3XMIjE,She Said (Big Jet Plane),Trinix;Queen D,She Said (Big Jet Plane),71,173750,0.808,0.538,0.416,0.108,108.026,french,Europe
0nS2xf6yooLnSAthClLCDi,If You Had My Love (Kav Verhouzer Remix),TWOPILOTS;De Hofnar;Kav Verhouzer,If You Had My Love (Kav Verhouzer Remix),71,158536,0.73,0.699,0.624,0.0401,122.968,french,Europe
4OTw5splgMdlYklwHMHxLK,Long Cool Woman (In a Black Dress) - 1999 Remaster,The Hollies,Distant Light (Expanded Edition),71,199200,0.757,0.868,0.815,0.411,138.923,british,Europe
1gFNm7cXfG1vSMcxPpSxec,"Ob-La-Di, Ob-La-Da - Remastered 2009",The Beatles,The Beatles (Remastered),71,188960,0.818,0.728,0.975,0.232,113.059,british,Europe
7DFawVSjI88xR9mjnWwURg,If You Don't Know Me by Now - 2008 Remaster,Simply Red,A New Flame (Expanded Version),71,204000,0.638,0.352,0.204,0.492,94.173,british,Europe
5zWZ9iNevP0397xB3jWV2z,Brother Louie,Modern Talking,Ready For Romance,71,222666,0.783,0.836,0.831,0.396,108.966,german,Europe
6bp0sJ0l3Ab3ZU0aktsYCf,Sun Will Shine,Robin Schulz;Tom Walker,Sun Will Shine,71,201700,0.534,0.714,0.415,0.00633,125.99,german,Europe
0gPQTLaqHDgdupKEok7J2x,7 Days,Craig David,Born to Do It,71,235133,0.659,0.812,0.888,0.23,83.014,british,Europe
0cKk8BKEi7zXbdrYdyqBP5,Behind Blue Eyes,The Who,Who's Next (Deluxe Edition),71,221426,0.394,0.622,0.342,0.213,126.844,british,Europe
5YJtMNWKe55yr49cyJgxva,Everytime We Touch,Cascada,Everytime We Touch (Premium Edition),71,197124,0.633,0.976,0.493,0.00281,142.027,german,Europe
2uhEKg8kIzpdvz4gyy6x8W,Only Love,Ben Howard,Every Kingdom,71,249173,0.545,0.485,0.341,0.3,80.401,british,Europe
3TlIt0ReIxPsVZcOEivT5U,It's Not Unusual,Tom Jones,Along Came Jones,71,119800,0.476,0.722,0.909,0.598,92.966,british,Europe
19aBGyxQrl8LDnPUyusjRa,Sunny Day,MR TOUT LE MONDE,Sunny Day,70,192000,0.451,0.422,0.119,0.512,119.998,french,Europe
2DuPBbS5mIldXnh7Wum8Cy,My Little Love,Adele,30,70,389107,0.339,0.492,0.102,0.829,151.865,british,Europe
2DRMuw0U0QbkVQxWxdJV3M,Water Under the Bridge,Adele,25,70,240439,0.59,0.833,0.538,0.0142,94.963,british,Europe
2ISSQPb9LHHiV6ng2NXosL,Beautiful Now,Zedd;Jon Bellion,True Colors,70,218293,0.628,0.833,0.56,0.0079,128.003,german,Europe
3wfQEIvOfeVkXgGZogK3gL,Santa Maria,RIDSA,Santa Maria,70,189519,0.664,0.656,0.562,0.408,169.978,french,Europe
1H7gMYGykdtwZOV6s1N0by,Norwegian Wood (This Bird Has Flown) - Remastered 2009,The Beatles,Rubber Soul (Remastered),70,124693,0.425,0.369,0.65,0.183,176.625,british,Europe
2d8D7uk3tbAThjRkdfrx9c,Voyage voyage,Desireless,François,70,266600,0.606,0.913,0.838,0.246,123.58,french,Europe
0jOnZhF75V68VsBObWx2XO,"The Carnival of the Animals, R. 125: XIII. The Swan (Arr. for Cello and Piano)",Camille Saint-Saëns;Yo-Yo Ma;Kathryn Stott,Songs from the Arc of Life,70,174266,0.169,0.0161,0.0573,0.986,128.143,french,Europe
0HKD13PLq2WicViBBhSrOl,Out Of Reach,Gabrielle,Rise,70,196986,0.51,0.48,0.496,0.503,182.862,british,Europe
1zusIxNqJu8i4g6P6hJ2Qa,Mercy,Duffy,Rockferry,70,219920,0.793,0.859,0.964,0.266,129.911,british,Europe
1Hv1VTm8zeOeybub15mA2R,Smooth Operator - Single Version,Sade,The Best of Sade,70,258693,0.734,0.58,0.962,0.238,119.336,british,Europe
4KROoGIaPaR1pBHPnR3bwC,Pink Moon,Nick Drake,Pink Moon,70,124000,0.642,0.427,0.404,0.871,82.344,british,Europe
7H3ojI1BsVy0dEJENqMt1k,By Your Side,Sade,Lovers Rock,70,274933,0.653,0.429,0.627,0.0849,146.073,british,Europe
2Iyfw8YfKruAagJwGc4G07,It's Ok,Tom Rosenthal,The Pleasant Trees,70,191352,0.561,0.111,0.0607,0.871,148.191,british,Europe
7KX65PC1UZuImsUInThbav,Cold Little Heart - Radio Edit,Michael Kiwanuka,Cold Little Heart (Radio Edit),70,210299,0.629,0.58,0.655,0.357,110.264,british,Europe
0aIW3ekrhK1eh3BYCh11op,Falling Apart,Michael Schulte,Hold the Rhythm,70,198573,0.543,0.333,0.261,0.824,109.789,german,Europe
1bKQ48M9onID2kbSpRy8kK,Send Me An Angel,Scorpions,Crazy World,70,273333,0.153,0.417,0.166,0.434,80.87,german,Europe
2aEuA8PSqLa17Y4hKPj5rr,Cheri Cheri Lady,Modern Talking,Let's Talk About Love,70,226333,0.677,0.616,0.851,0.458,114.223,german,Europe
67lbzVADsqJJ6tyVk0XCgn,Chain My Heart,Topic;Bebe Rexha,Chain My Heart,70,146880,0.663,0.849,0.722,0.0791,123.992,german,Europe
389QX9Q1eUOEZ19vtzzI9O,While My Guitar Gently Weeps - Remastered 2009,The Beatles,The Beatles (Remastered),70,285000,0.453,0.654,0.702,0.0205,115.0,british,Europe
7DD7eSuYSC5xk2ArU62esN,Help! - Remastered 2009,The Beatles,Help! (Remastered),70,139560,0.534,0.725,0.763,0.188,95.003,british,Europe
4MYb7NWLwXNDB7bYs3HeX8,Slow Ride,Foghat,Slow Ride / Save Your Loving (For Me),69,232533,0.493,0.586,0.656,0.0202,113.618,british,Europe
52dm9op3rbfAkc1LGXgipW,Wild Horses - 2009 Mix,The Rolling Stones,Sticky Fingers (Remastered),69,341773,0.432,0.389,0.158,0.687,139.506,british,Europe
18ywhG9EvuMMUIdUWxEqp7,Go Solo,Tom Rosenthal,The Pleasant Trees,69,142280,0.586,0.0907,0.212,0.985,77.144,british,Europe
3hJLKtTpgct9Y9wKww0BiR,Miss You - Remastered,The Rolling Stones,Some Girls,69,288666,0.795,0.71,0.845,0.443,109.689,british,Europe
5y8d8RHvxb0KiTa9Nq0xWp,Morning Has Broken - Remastered 2021,Yusuf / Cat Stevens,Teaser And The Firecat (Remastered 2021),69,199453,0.443,0.365,0.398,0.592,133.156,british,Europe
3pHpV3pa96s4vuBP7sQq0V,Is This Love - 2018 Remaster,Whitesnake,Whitesnake (2018 Remaster),69,284496,0.263,0.759,0.429,0.0555,179.904,british,Europe
6Nd6ntkzr4t8o1FKPGOSMt,Here I Go Again - 2018 Remaster,Whitesnake,Whitesnake (2018 Remaster),69,275395,0.292,0.823,0.244,0.0117,89.939,british,Europe
4h5m56ExHLPUC9NGz7U1Qa,Candy,Paolo Nutini,Sunny Side Up,69,298693,0.612,0.601,0.368,0.373,125.164,british,Europe
5WOnsi0Bug74LmhxcPfKvR,In Your Arms (For An Angel),Topic;Robin Schulz;Nico Santos;Paul van Dyk,In Your Arms (For An Angel),69,150476,0.694,0.828,0.407,0.0399,126.002,german,Europe
75CgD6l7K4qMzZrn4CbZqz,Stars,Simply Red,Stars (Collector's Edition),69,248599,0.716,0.818,0.817,0.154,103.668,british,Europe
1Piu78nUTeJScTY2RKvypU,Missile - Acte II,Lartiste,Maestro,69,261182,0.817,0.542,0.474,0.346,115.042,french,Europe
6xM8oBy40nK1rOd8WmoOPx,Last Request,Paolo Nutini,These Streets,69,220413,0.605,0.704,0.4,0.241,80.925,british,Europe
3Am0IbOxmvlSXro7N5iSfZ,Strawberry Fields Forever - Remastered 2009,The Beatles,Magical Mystery Tour (Remastered),69,247320,0.39,0.502,0.289,0.336,97.871,british,Europe
6UqRGwjwYL0stXbaodTxwo,Seve - Radio Edit,Tez Cadey,Seve (Radio Edit),69,210853,0.74,0.831,0.448,0.444,121.034,french,Europe
0ymH3Qwwzkl802WD3yy0oY,Marble,Neptunica;Shockz;Rebecca Helena,Marble,69,138860,0.698,0.85,0.362,0.205,136.006,german,Europe
18rHGxr6QDiPieSTo7cUGL,Everytime We Touch - Hardwell & Maurice West Remix,Cascada;Maurice West,Everytime We Touch (Hardwell & Maurice West Remix),69,216441,0.554,0.848,0.286,0.00237,144.996,german,Europe
5GjPQ0eI7AgmOnADn1EO6Q,Eleanor Rigby - Remastered 2009,The Beatles,Revolver (Remastered),69,126533,0.581,0.28,0.813,0.936,137.831,british,Europe
3DNRdudZ2SstnDCVKFdXxG,"Sonata No. 14 ""Moonlight"" in C-Sharp Minor"", Op. 27 No. 2: I. Adagio sostenuto",Ludwig van Beethoven;Paul Lewis,"Beethoven: Piano Sonatas, Vol.3",69,315426,0.184,0.00527,0.151,0.995,170.612,german,Europe
17i5jLpzndlQhbS4SrTd0B,"Cello Suite No. 1 in G Major, BWV 1007: I. Prélude",Johann Sebastian Bach;Yo-Yo Ma,"Bach: Cello Suites Nos. 1, 5 & 6",69,152280,0.275,0.157,0.304,0.89,73.289,german,Europe
3VbGCXWRiouAq8VyMYN2MI,Love Me Do - Remastered 2009,The Beatles,Please Please Me (Remastered),68,141693,0.52,0.829,0.744,0.386,147.997,british,Europe
6lFZbCc7pn6Lme1NP7qQqQ,You Can't Always Get What You Want,The Rolling Stones,Let It Bleed,68,448720,0.32,0.62,0.472,0.64,86.327,british,Europe
7M3HuQRRAm1QD4kftmq0bb,Amour plastique,Videoclub,Amour plastique,68,227026,0.7,0.354,0.245,0.765,119.965,french,Europe
726mGvnRdaFnW6dmlOqTBu,Daddy's Eyes,Zoe Wees,Daddy’s Eyes,68,182969,0.571,0.654,0.19,0.453,123.767,german,Europe
3vSn1frPgFcRXrjWOfhMLl,Be My Lover,La Bouche,Best Of La Bouche feat. Melanie Thornton (feat. Melanie Thornton),68,240866,0.658,0.963,0.793,0.00283,134.798,german,Europe
496vIKS2INz840xZaKncvR,All Night Parking (with Erroll Garner) Interlude,Adele,30,68,161829,0.734,0.497,0.307,0.67,127.989,british,Europe
0JWSMYurMhPmlD5H8VRoTn,If You Had My Love,TWOPILOTS;De Hofnar,If You Had My Love,68,174210,0.77,0.875,0.766,0.375,113.99,french,Europe
65vdMBskhx3akkG9vQlSH1,And I Love Her - Remastered 2009,The Beatles,A Hard Day's Night (Remastered),68,149693,0.767,0.331,0.636,0.64,113.312,british,Europe
6yv0ZjBlZy2oRFq7jAis2C,Riptide,TWOPILOTS,Riptide,68,154731,0.729,0.836,0.288,0.156,113.998,french,Europe
25yQPHgC35WNnnOUqFhgVR,Lucy In The Sky With Diamonds - Remastered 2009,The Beatles,Sgt. Pepper's Lonely Hearts Club Band (Remastered),68,208466,0.311,0.325,0.668,0.0469,65.09,british,Europe
4joiWvli4qJVEW6qZV2i2J,All My Loving - Remastered 2009,The Beatles,With The Beatles (Remastered),68,127853,0.416,0.563,0.9,0.207,77.56,british,Europe
6BD1X1PeV5UzYUdiVaD2yL,Show Me The Way,Peter Frampton,Frampton,68,243266,0.7,0.726,0.641,0.434,130.109,british,Europe
3CAX47TnPqTujLIQTw8nwI,Old Pine,Ben Howard,Every Kingdom,68,328506,0.401,0.364,0.224,0.45,129.57,british,Europe
6bGMSP3H9YqkmaLnaJTIoF,Hold On,Adele,30,68,366004,0.366,0.364,0.459,0.858,165.902,british,Europe
6LbbHFEajG9e4m0G3L47c4,Pinball Wizard,The Who,Tommy,68,180943,0.543,0.715,0.468,0.0192,124.011,british,Europe
3uliGwmB52ZA7brgpZMzyH,Love Is A Losing Game,Amy Winehouse,Back To Black (Deluxe Edition),68,155413,0.484,0.293,0.562,0.337,165.008,british,Europe
78ZqE2tjAxbqEGGlvGnQfT,A Whiter Shade of Pale - Original Single Version,Procol Harum,Hits'n'Flips,68,248946,0.249,0.66,0.435,0.504,149.813,british,Europe
1yg7fwwYmx9DQ2TdXUmfpJ,Holding Back the Years - 2008 Remaster,Simply Red,Picture Book (Expanded Version),68,269840,0.707,0.514,0.524,0.58,86.035,british,Europe
3evG0BIqEFMMP7lVJh1cSf,Don't Let Me Down - Remastered 2009,The Beatles,The Beatles 1967 - 1970 (Remastered),68,215733,0.593,0.289,0.733,0.568,77.119,british,Europe
2eF2x1BkgilhaZ2AipRY8j,Turning Tables,Adele,21,68,250000,0.353,0.446,0.211,0.95,155.476,british,Europe
5SFXOMJJ334Wn2PwBHeRZN,Girls Like Us,Zoe Wees,Girls Like Us,68,189000,0.444,0.648,0.171,0.288,125.706,german,Europe
0DnGfA1r8pAssJCuq4ojla,Still Got The Blues,Gary Moore,Still Got The Blues,68,370866,0.189,0.39,0.32,0.257,169.563,british,Europe
74BfFG9qR85KXxN49esFVA,Main Titles (You’ve Been Called Back to Top Gun),Harold Faltermeyer;Lady Gaga;Hans Zimmer;Lorne Balfe,Top Gun: Maverick (Music From The Motion Picture),68,150666,0.493,0.302,0.157,0.0404,107.425,german,Europe
6EOKwO6WaLal58MSsi6U4W,Eleanor Rigby,The Beatles,Yellow Submarine Songtrack,68,125226,0.521,0.301,0.621,0.836,137.382,british,Europe
3s6ltUrI93LBKU8taezsLn,Magic in the Air (feat. Ahmed Chawki),Magic System;Chawki,Africainement vôtre,68,233693,0.621,0.907,0.884,0.091,128.056,french,Europe
1oIdcFtf58sZbS7QyZQJ2P,Run Free,Deep Chills;IVIE,Run Free,67,170562,0.727,0.69,0.699,0.202,100.002,french,Europe
0jRY4XO556pn1zHZAoY3ph,Tissues,YUNGBLUD,Tissues,67,215163,0.608,0.907,0.818,0.0118,89.994,british,Europe
61UuPxxYUvacEH6SHIK3sU,Brown Sugar - 2009 Remaster,The Rolling Stones,Sticky Fingers (Remastered),67,228666,0.633,0.934,0.963,0.219,128.606,british,Europe
7n3WO6ESKS1uCI9fgkGs66,I'd Love to Change the World - 2004 Remaster,Ten Years After,A Space in Time (Deluxe Version),67,224133,0.383,0.516,0.371,0.202,118.144,british,Europe
2iXBZ32Fz5VDCLeE0JIdX5,Better in Time,Leona Lewis,Spirit,67,234173,0.584,0.7,0.549,0.512,163.953,british,Europe
265Anh9hGoozFigjUVLUeD,New Shoes,Paolo Nutini,These Streets,67,203653,0.748,0.735,0.854,0.47,150.04,british,Europe
2eB7JqIY4hTTSz31h6bjwR,Through The Fire And Flames,DragonForce,Inhuman Rampage,67,439120,0.153,0.953,0.14,0.00152,199.892,british,Europe
6ku3i5WNrsY3qhOq6ua9TL,Vem Dancar Kuduro,Lucenzo;Big Ali,Emigrante Del Mundo (Remastered),67,199235,0.327,0.941,0.707,0.0231,129.738,french,Europe
1oaaSrDJimABpOdCEbw2DJ,No Ordinary Love,Sade,Love Deluxe,67,440466,0.629,0.364,0.701,0.467,166.266,british,Europe
5mFMb5OHI3cN0UjITVztCj,Rumour Has It,Adele,21,67,223266,0.612,0.749,0.574,0.615,120.052,british,Europe
0cJPLFrlV7TTCyPLupHzcH,Won't Get Fooled Again - Original Album Version,The Who,Who's Next (Deluxe Edition),67,511400,0.686,0.92,0.225,0.301,135.027,british,Europe
2j3GxEsbNYNeEzz86wDY4J,Love Is A Game,Adele,30,67,403044,0.269,0.591,0.228,0.453,183.793,british,Europe
3h0tEwAyOCQDa4X8NEcy0Q,Crazy,PLÜM,Crazy,67,220000,0.769,0.596,0.259,0.0487,105.032,french,Europe
3KiexfmhxHvG5IgAElmTkd,I Saw Her Standing There - Remastered 2009,The Beatles,Please Please Me (Remastered),67,173946,0.491,0.801,0.971,0.27,160.109,british,Europe
2W3EgJst61RLZtPPm3EQim,Territory,The Blaze,Territory,67,276373,0.563,0.44,0.213,0.286,120.009,french,Europe
0wEo4mwfs6tXYgCem9m9wP,The Wind - Remastered 2021,Yusuf / Cat Stevens,Teaser And The Firecat (Remastered 2021),67,102986,0.765,0.291,0.806,0.787,115.751,british,Europe
2mxByJWOajjiVsLWjNXvDJ,Oh! Darling - Remastered 2009,The Beatles,Abbey Road (Remastered),67,207240,0.422,0.656,0.549,0.0126,173.93,british,Europe
5J2CHimS7dWYMImCHkEFaJ,A Hard Day's Night - Remastered 2009,The Beatles,A Hard Day's Night (Remastered),67,154200,0.59,0.805,0.797,0.137,138.514,british,Europe
3yvHcaY61FpeSiLiHiIST4,Rule The World (feat. ILIRA),GAMPER & DADONI;ILIRA,Rule The World (feat. ILIRA),67,170785,0.717,0.627,0.437,0.00974,125.965,german,Europe
1QJnDJuYOGj05iSc4eWGr5,Fever To The Form,Nick Mulvey,First Mind,67,252960,0.358,0.546,0.264,0.795,106.489,british,Europe
4zLBcDtvYNVtF9fnG6lme3,Sun Goes Down (feat. Jasmine Thompson) - Radio Mix,Robin Schulz;Jasmine Thompson,Prayer,67,179960,0.548,0.723,0.499,0.0969,125.088,german,Europe
3K4r00KlXytLJDfuytngmx,Warwick Avenue,Duffy,Rockferry,67,226386,0.493,0.59,0.502,0.339,169.908,british,Europe
6KOtheMY0KN4s9TrQHr9It,She's A Rainbow,The Rolling Stones,She's A Rainbow / Dandelion / We Love You,67,253720,0.464,0.824,0.539,0.467,109.298,british,Europe
5fpEDGQX0Ah3utGnFYulQZ,Keep Your Head Up,Ben Howard,Every Kingdom,67,264546,0.508,0.596,0.4,0.439,79.359,british,Europe
1ZkmPku85veww4fF66aUFF,Top Gun Anthem,Harold Faltermeyer;Lady Gaga;Hans Zimmer;Lorne Balfe,Top Gun: Maverick (Music From The Motion Picture),66,148933,0.448,0.336,0.0364,0.00145,107.351,german,Europe
7vvRkLPIvfjjmCIqNxBuEZ,Back To Life,Soul II Soul;Caron Wheeler,Keep On Movin',66,228266,0.817,0.484,0.671,0.0515,100.978,british,Europe
3xxmjMvJsSR3L7mUOxP9QA,Never Forget You,Noisettes,Wild Young Hearts,66,192213,0.569,0.692,0.737,0.0167,141.632,british,Europe
4MLBqAEzNN89o2M9h92Z26,Get Back - Remastered 2009,The Beatles,Let It Be (Remastered),66,189386,0.761,0.592,0.332,0.492,123.095,british,Europe
5xQr5TxQ77siaKfuyiJbT0,Hands Up - Single Version,Ottawan,Hands Up,66,208573,0.888,0.876,0.992,0.61,123.291,french,Europe
5UEZzRsrB4FKw1SIMoMD2y,The Sun,Myd,Born a Loser,66,207373,0.773,0.586,0.729,0.752,126.014,french,Europe
260V7huyJrXnyYe0dFv2Fa,Canopée,Polo & Pan,Caravelle,66,276293,0.704,0.692,0.369,0.0942,96.005,french,Europe
2D85QAziPXN1KMIW50NPpl,Flashed Junk Mind,Milky Chance,Sadnecessary,66,262000,0.84,0.84,0.904,0.389,117.98,german,Europe
5By7Pzgl6TMuVJG168VWzS,Michelle - Remastered 2009,The Beatles,Rubber Soul (Remastered),66,162373,0.578,0.29,0.666,0.652,117.403,british,Europe
5itF66zYn38tEXTAvFPqIk,Down By The River,Milky Chance,Sadnecessary,66,241052,0.687,0.695,0.453,0.755,114.029,german,Europe
6nEkxYIEnrbYH7h1hJ8Xn6,She Loves You - Mono / Remastered,The Beatles,1 (Remastered),66,140920,0.377,0.916,0.912,0.26,75.533,british,Europe
29b2b96jozyD9GPCkOrVLs,Day Tripper - Remastered 2015,The Beatles,1 (Remastered),66,169000,0.665,0.782,0.731,0.12,137.453,british,Europe
5bu9A6uphPWg39RC3ZKeku,"Goldberg Variations, BWV 988: Aria",Johann Sebastian Bach;Glenn Gould,"Bach: The Goldberg Variations, BWV 988 (1981 Gould Remaster)",66,184853,0.454,0.0139,0.244,0.995,130.253,german,Europe
2XWjPtKdi5sucFYtVav07d,365,Zedd;Katy Perry,365,66,181899,0.745,0.693,0.248,0.339,98.039,german,Europe
1JDIArrcepzWDTAWXdGYmP,I Want You To Know,Zedd;Selena Gomez,True Colors,66,240000,0.58,0.846,0.366,0.00537,129.998,german,Europe
6yLIqXX9edg1x0HZS7cZEv,The Air That I Breathe - 2008 Remaster,The Hollies,Hollies,66,257106,0.279,0.473,0.246,0.242,167.792,british,Europe
65krtHkaYLPr0mEbjL61UP,Kiss of Life,Sade,The Best of Sade,66,251333,0.723,0.47,0.783,0.633,97.107,british,Europe
4bNqSJ92afDvDZiYgpckVf,Don't Be so Shy - Filatov & Karas Remix,Imany;Filatov & Karas,The Wrong Kind of War,66,191360,0.768,0.904,0.906,0.0502,119.989,french,Europe
6eFlqtmgYckrLelrV4oc9C,Let You Know - Summer Edit,Y.V.E. 48,Let You Know (Summer Edit),66,149400,0.623,0.398,0.0974,0.381,99.992,french,Europe
24upABZ8A0sAepfu91sEYr,Moon (And It Went Like),Kid Francescoli;Julia Minkin,Play Me Again,66,390638,0.662,0.657,0.0584,0.288,117.986,french,Europe
2RnPATK99oGOZygnD2GTO6,With A Little Help From My Friends - Remastered 2009,The Beatles,Sgt. Pepper's Lonely Hearts Club Band (Remastered),66,164106,0.705,0.515,0.803,0.365,112.035,british,Europe
4R59wt5nnhYo88PIu3cUIt,Olalla,Blanco White,On the Other Side,66,248160,0.573,0.406,0.376,0.653,130.021,british,Europe
1eT2CjXwFXNx6oY5ydvzKU,Hey Jude,The Beatles,Love,66,238854,0.462,0.632,0.585,0.091,74.268,british,Europe
4dkoqJrP0L8FXftrMZongF,Across The Universe - Remastered 2009,The Beatles,Let It Be (Remastered),66,228133,0.257,0.412,0.858,0.361,152.126,british,Europe
3MtP9T0WF4xbIo8vqHYeXM,Spooky,Dusty Springfield,Dusty... Definitely,66,164173,0.752,0.445,0.964,0.5,106.283,british,Europe
09u787BYeYIGd2mFIJ505t,Cry Your Heart Out,Adele,30,66,255278,0.756,0.713,0.59,0.523,125.064,british,Europe
2JOTbHmj0jwBM9bHgcVEOq,Pink Soldiers,Boris Way,Pink Soldiers,66,135688,0.828,0.639,0.496,0.167,123.021,french,Europe
4u9f8hqstB7iITDJNzKhQx,My Generation - Stereo Version,The Who,My Generation (Stereo Version),65,198706,0.412,0.782,0.705,0.308,96.732,british,Europe
6YlOxoHWLjH6uVQvxUIUug,Rockin' All Over The World,Status Quo,Rockin' All Over The World,65,215333,0.632,0.933,0.968,0.236,131.487,british,Europe
1j2LuIf7mv15ZVug1Xy5qz,Your Love Is King,Sade,Diamond Life,65,219426,0.742,0.42,0.594,0.562,134.624,british,Europe
4d0d2llNcQIHmaCgYTrODQ,Peace Train - Remastered 2021,Yusuf / Cat Stevens,Teaser And The Firecat (Remastered 2021),65,253293,0.594,0.682,0.76,0.051,82.487,british,Europe
5lmGgOaixbwKHtpTzjJoqx,Under My Thumb,The Rolling Stones,Aftermath,65,221533,0.732,0.494,0.799,0.299,126.986,british,Europe
45uwWuhL7nNamSKw3DnpQl,Fever,Luca;Nina Carr,Fever,65,173411,0.61,0.554,0.231,0.428,106.818,french,Europe
5vOUYERtWnw7CfrxktLrK2,Feel This Way,Lonely in the Rain;Panama,Feel This Way,65,220645,0.757,0.405,0.0537,0.528,124.014,french,Europe
1s9i7W8zx7Nxx78MUIsvjV,Outro,M83,"Hurry up, We're Dreaming",65,247026,0.162,0.256,0.0784,0.0332,108.893,french,Europe
6JrAEmBFd61eYIGVOSPnT4,Wicked Games (feat. Anna Naklab) - Radio Edit,Parra for Cuva;Anna Naklab,Wicked Games (feat. Anna Naklab) [Radio Edit],65,195210,0.801,0.641,0.701,0.0667,124.979,french,Europe
5yGVHzJ2Se8pDzR7FIYUlU,Home Again,Michael Kiwanuka,Home Again (Deluxe Version),65,209919,0.564,0.32,0.266,0.706,85.891,british,Europe
0Psz3az3RIYfJpnsajBT8N,Nanã,Polo & Pan,Caravelle,65,190826,0.685,0.735,0.385,0.191,94.035,french,Europe
6QLspHLCLftSGPa6vNzKuo,In The Army Now,Status Quo,In The Army Now,65,281746,0.686,0.722,0.904,0.101,104.665,british,Europe
78NogwkqVC4GBQMxOwOQrC,Through The Echoes,Paolo Nutini,Last Night In The Bittersweet,65,221245,0.73,0.487,0.314,0.285,104.933,british,Europe
4fkFsB17kyzq27QhOVt19V,Love Is Gone,Neptunica;Matthew Clanton,Love Is Gone,65,157894,0.629,0.815,0.185,0.016,152.014,german,Europe
2La21GqU4fKTQLcfLxTeoz,Agitations tropicales,L'Impératrice,Odyssée - EP,65,248892,0.76,0.401,0.619,0.564,115.989,french,Europe
61ZM92T2zaXIVsqncThQzC,In Your Eyes (feat. Alida),Robin Schulz;Alida,In Your Eyes (feat. Alida),65,208222,0.57,0.672,0.461,0.172,120.018,german,Europe
1ubVPccf8Vb9mL0XYpVpCV,Fade Out Lines - The Avener Rework,The Avener;Phoebe Killdeer,The Wanderings Of The Avener,65,276600,0.876,0.731,0.699,0.0163,119.011,french,Europe
2c6xRsQBv7pynuhYhWoHxo,Woman Like Me,Adele,30,65,300247,0.594,0.37,0.329,0.749,145.601,british,Europe
4Mg3YzlEp93OhGQol4VqXL,Take Me Home,Saco;Sebastiën,Take Me Home,65,171578,0.746,0.747,0.668,0.579,113.932,french,Europe
6Vz7vzOpCwKeSQlfViibuY,Crazy,Seal,Best 1991 - 2004,65,356520,0.633,0.858,0.724,0.208,102.561,british,Europe
0j3p1p06deJ7f9xmJ9yG22,Back In The U.S.S.R. - Remastered 2009,The Beatles,The Beatles (Remastered),65,163453,0.48,0.969,0.494,0.069,142.489,british,Europe
7jGzYUZ2Bgg8BDfYlQRfn8,Wild Thing,The Troggs,From Nowhere,65,155333,0.453,0.658,0.761,0.741,203.871,british,Europe
1uBsu3PbD2909UBIfEMLvK,Jumpin' Jack Flash,The Rolling Stones,Jumpin' Jack Flash / Child Of The Moon,65,222933,0.595,0.885,0.643,0.0744,137.243,british,Europe
1zZh6zTXcDgvN0C6S1G4gU,Remedy,Adele,25,65,245426,0.405,0.3,0.24,0.894,162.355,british,Europe
0WxiQqTcK3ZErx2mMWgtm6,Mafiosa (feat. Caroliina),Lartiste;Caroliina,Grandestino,65,193700,0.867,0.724,0.757,0.258,128.97,french,Europe
3pIpa33ZYgL6ZEkpBRA8BF,Every Breath You Take,Deep Chills,Every Breath You Take,65,198058,0.78,0.573,0.671,0.249,119.973,french,Europe
4B6XjmOWI55np7y4MUTXDu,La Seine - Extrait de la bande originale un monstre à Paris,Vanessa Paradis;-M-,Best Of & Variations,65,167520,0.736,0.667,0.4,0.43,113.062,french,Europe
60fUDmIWuKhngaeBIVhqIV,Stranded,Gojira,Magma,65,269533,0.513,0.88,0.495,9.59e-05,92.358,french,Europe
1BXAyGazbybUVNQ0VmGsdl,Free Yourself,Jessie Ware,Free Yourself,65,234493,0.688,0.91,0.77,0.00286,119.024,british,Europe
3eVo0wD4kGwF3gshtecZso,He Can Only Hold Her,Amy Winehouse,Back To Black (Deluxe Edition),65,166400,0.626,0.504,0.713,0.021,98.391,british,Europe
4WmB04GBqS4xPMYN9dHgBw,Day One,Hans Zimmer,Interstellar (Original Motion Picture Soundtrack) [Expanded Edition],65,199422,0.311,0.0173,0.0658,0.927,95.985,german,Europe
7CZiDzGVjUssMSOXrDNYHL,Ticket To Ride - Remastered 2009,The Beatles,Help! (Remastered),65,189680,0.519,0.85,0.749,0.0457,123.419,british,Europe
7oOEFDLSQscl0uGulnIEmG,Love & Hate,Michael Kiwanuka,Love & Hate,65,427093,0.278,0.494,0.527,0.157,169.661,british,Europe
2kUzt5LsTUR0ggquP7O3eN,Whatever You Want,Status Quo,Whatever You Want,65,243546,0.56,0.705,0.501,0.772,122.456,british,Europe
0BD9boQC7jUTWkAoib4Z0d,Meleğim,Soolking;Dadju,Vintage,65,220280,0.682,0.697,0.57,0.188,95.012,french,Europe
4FYbo4yQzu3hGkj2Ix4ucW,Funny,Zedd;Jasmine Thompson,Funny,65,221465,0.664,0.66,0.355,0.512,99.946,german,Europe
41WTP0gosjYD74B06uS2tL,You Said You'd Grow Old With Me,Michael Schulte,Wide Awake,65,224743,0.531,0.347,0.289,0.905,114.441,german,Europe
4bT2zLVv2T4GiK9q9KtI0v,Stay The Night - Featuring Hayley Williams Of Paramore,Zedd;Hayley Williams,Clarity (Deluxe),65,217346,0.596,0.738,0.461,0.109,127.961,german,Europe
0qprlw0jfsW4H9cG0FFE0Z,Cold Little Heart,Michael Kiwanuka,Love & Hate,65,597600,0.489,0.404,0.153,0.487,108.01,british,Europe
4F1AgKpuFRMLEgtPETVwZk,You've Got To Hide Your Love Away - Remastered 2009,The Beatles,Help! (Remastered),65,129120,0.398,0.392,0.378,0.207,184.267,british,Europe
3SdingSsFcZDZAyvcJbgAw,Can't Buy Me Love - Remastered 2009,The Beatles,A Hard Day's Night (Remastered),65,131866,0.483,0.677,0.842,0.283,170.72,british,Europe
6wdI9sg2VdgjqSg0ozu9PK,Afro Trap Pt. 7 (La puissance),MHD,Afro Trap Part. 7 (La puissance),65,140077,0.97,0.806,0.815,0.0955,120.003,french,Europe
68BTFws92cRztMS1oQ7Ewj,All You Need Is Love - Remastered 2009,The Beatles,Magical Mystery Tour (Remastered),65,230386,0.4,0.48,0.653,0.346,103.436,british,Europe
06ypiqmILMdVeaiErMFA91,Drive My Car - Remastered 2009,The Beatles,Rubber Soul (Remastered),65,148893,0.754,0.571,0.82,0.0173,122.463,british,Europe
6MOEQCtAWNSCmvg3SFKF5y,Season of the Witch,Donovan,Sunshine Superman,65,293933,0.516,0.513,0.694,0.159,99.735,british,Europe
1Dg4dFJr3HW7sbA7vPejre,Eight Days A Week - Remastered 2009,The Beatles,Beatles For Sale (Remastered),64,163600,0.652,0.583,0.744,0.412,138.134,british,Europe
6kND7UAXGZk2kfZbEWQ6e3,Minimum,Charlie Cunningham,Lines,64,194906,0.492,0.841,0.313,0.729,177.869,british,Europe
75zMKn5euxQdlkZgu4P42J,Sympathy For The Devil,The Rolling Stones,The Rolling Stones Singles Collection: The London Years,64,376800,0.728,0.681,0.578,0.61,115.944,british,Europe
1zyUz3eZ3sytdaR9lfW17q,Écoute Chérie,Vendredi sur Mer,Premiers émois,64,224933,0.607,0.647,0.689,0.138,92.915,french,Europe
0BQ4zIMESy75Qf2HeMi4ds,Electric Feel,TEEMID,Electric Feel,64,213974,0.686,0.472,0.0832,0.416,100.106,french,Europe
1DKyFVzIh1oa1fFnEmTkIl,Gloria (feat. Van Morrison) - Stereo Version,Them;Van Morrison,The Essential Van Morrison,64,156800,0.641,0.703,0.722,0.397,129.118,british,Europe
3Z4ZuDrY684IFTBz2ze708,Gimme Some Lovin' - Single Mix,The Spencer Davis Group,Gimme Some Lovin' / Blues In F,64,178840,0.598,0.564,0.43,0.216,147.619,british,Europe
08wnOyN1wyMaNrup3m353f,My Tears Are Becoming a Sea,M83,"Hurry up, We're Dreaming",64,151826,0.162,0.353,0.0551,0.0993,110.76,french,Europe
1ksayCHVLH4eKFm43GFokU,"Baby, I Love Your Way - Live",Peter Frampton,Frampton Comes Alive! (Deluxe Edition),64,281066,0.518,0.786,0.463,0.448,72.269,british,Europe
1DapqOfkDAQCiKnvfwKo0g,All Around the World - Remastered,Lisa Stansfield;Ian Devaney;Andy Morris,Affection,64,265760,0.671,0.914,0.806,0.573,101.201,british,Europe
0sKfhhj6hYyJIXnTiZV9vf,The Sweetest Taboo,Sade,Promise,64,277373,0.752,0.823,0.962,0.128,91.563,british,Europe
4ipoHe6bjN9IeXr8CGJYgR,EYES,The Blaze,EYES,64,212080,0.818,0.433,0.119,0.175,119.993,french,Europe
1CRtJS94Hq3PbBZT9LuF90,Don't You Remember,Adele,21,64,243200,0.644,0.4,0.227,0.214,115.025,british,Europe
2B4Y9u4ERAFiMo13XPJyGP,"Here, There And Everywhere - Remastered 2009",The Beatles,Revolver (Remastered),64,144880,0.29,0.247,0.36,0.921,165.361,british,Europe
3yndKI4zWEyC36BQYrdKBA,Hit Sale (feat. Roméo Elvis),Therapie TAXI;Roméo Elvis,Hit Sale,64,184400,0.573,0.784,0.69,0.141,82.009,french,Europe
6vhOyWiOnO7EzxnXBllmkQ,Go Solo (feat. Tom Rosenthal),Zwette;Tom Rosenthal,Go Solo (feat. Tom Rosenthal),64,192893,0.783,0.557,0.368,0.641,108.012,german,Europe
6OeRAvRqfqpaHHTzrnCSHJ,Sugar (feat. Francesco Yates) - Billions Club Remix,Robin Schulz;Francesco Yates,Sugar (feat. Francesco Yates) [Billions Club Remix],64,186377,0.553,0.963,0.464,0.171,126.066,german,Europe
3zLTPuucd3e6TxZnu2dlVS,"Bagatelle No. 25 in A Minor, WoO 59 ""Für Elise""",Ludwig van Beethoven;Igor Levit,"Für Elise, Bagatelle No. 25 in A Minor, WoO 59",64,212066,0.289,0.0306,0.118,0.987,125.61,german,Europe
27ooJRSmsdwshBQGoUZE3p,Rockstar Baby (feat. Mougleta),Robin Schulz;Mougleta,Rockstar Baby (feat. Mougleta),64,174858,0.689,0.914,0.63,0.0278,123.029,german,Europe
4SFBV7SRNG2e2kyL1F6kjU,"The Well-Tempered Clavier: Book 1, BWV 846-869: I. Prelude in C Major, BWV 846",Johann Sebastian Bach;Lang Lang,Piano Book (Deluxe Edition),64,139306,0.221,0.126,0.216,0.989,133.63,german,Europe
6bpmBNPfQ2KFAW0ik6F9Vq,La Valse d'Amélie - Version piano,Yann Tiersen,Le Fabuleux destin d'Amélie Poulain (Bande originale du film),64,158666,0.194,0.179,0.179,0.988,177.694,french,Europe
6Y7SslHFxMnUTAXqbQkAAN,Askim,Soolking;Reynmen,Askim,64,173133,0.777,0.671,0.537,0.128,98.017,french,Europe
2U5kSevItDmL0XzSDyemRp,Le temps est bon,Bon Entendeur;Isabelle Pierre,Aller-retour,64,203160,0.573,0.679,0.583,0.237,98.085,french,Europe
4NDpn6yfD5aqafYWFEaJDz,Our Day Will Come,Amy Winehouse,Lioness: Hidden Treasures,64,169373,0.705,0.634,0.639,0.0405,98.008,british,Europe
2hT9vWmKp6uduKzmalqeMA,The One,Jane Good;Samuel Miller,The One,64,125347,0.644,0.632,0.219,0.162,114.986,french,Europe
7as88HhLbDLgobaSbJrVBs,Ceux qui rêvent,Pomme,À peu près,64,118386,0.432,0.419,0.658,0.869,133.713,french,Europe
1hIQPCM3oWXrpnXmgTDaKG,Can't You Hear Me Knocking - 2009 Mix,The Rolling Stones,Sticky Fingers (Remastered),64,436000,0.545,0.757,0.714,0.408,152.217,british,Europe
4hq0S6wznq7SHDyMOFXL9i,Tumbling Dice,The Rolling Stones,Exile On Main Street (2010 Re-Mastered),64,226333,0.615,0.91,0.77,0.5,111.013,british,Europe
2bcC9Xyi40wnI7Od5uch31,Iron Sky,Paolo Nutini,Caustic Love,64,373133,0.387,0.626,0.316,0.242,139.724,british,Europe
01SfTM5nfCou5gQL70r6gs,Golden Slumbers - Remastered 2009,The Beatles,Abbey Road (Remastered),64,91760,0.419,0.152,0.239,0.326,80.608,british,Europe
0E7U13bmvEccq4CtC3q0Pw,Me & U,TWOPILOTS,Me & U,64,174512,0.781,0.849,0.495,0.0123,118.012,french,Europe
2QTDuJIGKUjR7E2Q6KupIh,Test Drive - From How To Train Your Dragon Music From The Motion Picture,John Powell,How To Train Your Dragon (Music From The Motion Picture),64,156306,0.259,0.583,0.24,0.0249,111.153,british,Europe
6VBhH7CyP56BXjp8VsDFPZ,"Kesariya (From ""Brahmastra"")",Pritam;Arijit Singh;Amitabh Bhattacharya,"Kesariya (From ""Brahmastra"")",88,268164,0.577,0.574,0.436,0.572,94.009,indian,India
0IGXY47K2ha3AHfX57wY1O,"Deva Deva (From ""Brahmastra"")",Pritam;Arijit Singh;Amitabh Bhattacharya;Jonita Gandhi,"Deva Deva (From ""Brahmastra"")",79,279107,0.534,0.721,0.439,0.634,112.062,indian,India
72zHuDxFQTjbL51qJQSA7j,"Ranjha (From ""Shershaah"")",Jasleen Royal;B Praak;Romy;Anvita Dutt,"Ranjha (From ""Shershaah"")",77,228855,0.603,0.573,0.236,0.478,82.941,indian,India
5iCY0TXNImK4hyKfcplQsg,Baarishein,Anuv Jain,Baarishein,76,207309,0.475,0.124,0.19,0.926,94.42,indian,India
0DXfJ2iKRDEG7rPgssWFea,"Rangisari (From ""Jugjugg Jeeyo"")",Kanishk Seth;Kavita Seth,"Rangisari (From ""Jugjugg Jeeyo"")",75,223271,0.524,0.758,0.319,0.27,140.012,indian,India
5O932cZmzOZGOGZz9RHx20,Khairiyat,Pritam;Arijit Singh,Chhichhore,75,280281,0.534,0.481,0.293,0.697,124.914,indian,India
5OcGETO7eEKjKme4gm0r7y,"Dance Ka Bhoot (From ""Brahmastra"")",Pritam;Arijit Singh;Amitabh Bhattacharya,"Dance Ka Bhoot (From ""Brahmastra"")",74,245735,0.632,0.929,0.584,0.0503,136.008,indian,India
4bD9z9qa4qg9BhryvYWB7c,Kabira,Pritam;Tochi Raina;Rekha Bhardwaj,Yeh Jawaani Hai Deewani,74,223459,0.59,0.555,0.191,0.481,84.027,indian,India
1smFN2CLqGROu0J0UyvDfL,Shayad,Pritam;Arijit Singh,Love Aaj Kal (Original Motion Picture Soundtrack),74,247941,0.483,0.468,0.319,0.784,135.875,indian,India
7eQl3Yqv35ioqUfveKHitE,Tum Se Hi,Pritam;Mohit Chauhan,Jab We Met,74,321225,0.609,0.538,0.608,0.328,130.015,indian,India
4Hv055xg1SZZgwwGBx8Cr5,"Rasiya (From ""Brahmastra"")",Pritam;Shreya Ghoshal;TUSHAR JOSHI,"Rasiya (From ""Brahmastra"")",74,265063,0.54,0.796,0.636,0.371,78.99,indian,India
6FjbAnaPRPwiP3sciEYctO,Raabta,Pritam;Arijit Singh,Agent Vinod,73,243578,0.657,0.581,0.323,0.699,118.037,indian,India
7MBqVOzb8C3f0FXr2LBLiq,"Doobey (From ""Gehraiyaan"")",OAFF;Savera;Lothika;Kausar Munir,"Doobey (From ""Gehraiyaan"")",73,219686,0.751,0.669,0.359,0.342,119.014,indian,India
6vo7Y1iWyZvpjvFbf6BiZ5,Kalank (Title Track),Pritam;Arijit Singh,Kalank (Original Motion Picture Soundtrack),73,311186,0.57,0.55,0.435,0.524,117.999,indian,India
0GQngE2rOYvlKwEQjTAsP8,Subhanallah,Pritam;Sreeram;Shilpa Rao,Yeh Jawaani Hai Deewani,72,249707,0.302,0.493,0.457,0.455,88.904,indian,India
1E16f7KcZmuXuhlenRwA2m,Saibo - Lofi Flip,VIBIE,Saibo (Lofi Flip),72,146646,0.323,0.349,0.2,0.965,180.203,indian,India
6XZWokIxs4leaSmXmU8b26,"Hum Nashe Mein Toh Nahin (From ""Bhool Bhulaiyaa 2"")",Pritam;Arijit Singh;Tulsi Kumar,"Hum Nashe Mein Toh Nahin (From ""Bhool Bhulaiyaa 2"")",72,238252,0.572,0.736,0.778,0.643,85.035,indian,India
7cWnks0lsRtpAi87COOiXK,O Re Piya,Salim–Sulaiman;Rahat Fateh Ali Khan;Jaideep Sahni,Aaja Nachle,71,379768,0.586,0.532,0.494,0.779,99.994,indian,India
0NLkVxf0PyxsXBG3EuZcJf,Gul,Anuv Jain,Gul,71,217241,0.6,0.294,0.342,0.871,86.97,indian,India
0cJTjTH3XVTTJh8F4Uq1db,Waqt Ki Baatein,Dream Note,Waqt Ki Baatein,70,243310,0.556,0.202,0.2,0.915,145.017,indian,India
2vR23BjIzpLMtzsyKrM6Mb,Saiyyan,Kailash Kher;Paresh Kamath;Naresh Kamath,Kailasa Jhoomo Re,70,343906,0.473,0.562,0.316,0.65,74.653,indian,India
6cUOiOY5qh2FpIQWIYAd2h,Mehrama,Pritam;Darshan Raval;Antara Mitra,Love Aaj Kal (Original Motion Picture Soundtrack),70,249415,0.56,0.631,0.376,0.861,107.987,indian,India
74kCarkFBzXYXNkkYJIsG0,Alag Aasmaan,Anuv Jain,Alag Aasmaan,70,212773,0.699,0.299,0.459,0.869,118.969,indian,India
08kTa3SL9sV6Iy8KLKtGql,Kasoor,Prateek Kuhad,Kasoor,70,197549,0.558,0.497,0.444,0.0285,107.047,indian,India
1rDjwexewf4hrdZT7SRNsH,Nasha (Equals Sessions),Faridkot;Amar Jalal,Nasha (Equals Sessions) - Single,70,287573,0.78,0.46,0.788,0.455,124.007,indian,India
0H2iJVgorRR0ZFgRqGUjUM,Channa Mereya,Pritam;Arijit Singh,Ae Dil Hai Mushkil (Original Motion Picture Soundtrack) [Deluxe Edition],70,289333,0.476,0.788,0.746,0.237,90.066,indian,India
6nZiYSBwPQ7fYnVWkkkj4g,Kho Gaye Hum Kahan,Jasleen Royal;Prateek Kuhad,Baar Baar Dekho (Original Motion Picture Soundtrack),70,213055,0.778,0.227,0.38,0.983,116.033,indian,India
18YHbIhrleUkKKj2DvEp79,Zara Sa,Pritam;KK,Jannat (Original Motion Picture Soundtrack),70,303680,0.468,0.91,0.694,0.12,163.842,indian,India
2cPUB8EOT6AfJ8oxhyoNXL,Ye Tune Kya Kiya,Pritam;Javed Bashir,Once Upon Ay Time In Mumbai Dobaara !,69,314239,0.578,0.798,0.728,0.58,91.96,indian,India
52itZ0w0CydihB2JCZEIft,Pee Loon,Pritam;Mohit Chauhan,Once Upon A Time In Mumbaai,69,285686,0.656,0.721,0.883,0.277,83.95,indian,India
3Kl8p2PxVf8eAayLwTxOIm,Dil Ibaadat,Pritam;KK,Tum Mile (Original Motion Picture Soundtrack),69,329386,0.59,0.859,0.634,0.633,149.966,indian,India
4Zzw8CESa97fNrmrvEdIuL,"Phir Na Aisi Raat Aayegi (From ""Laal Singh Chaddha"")",Pritam;Arijit Singh;Amitabh Bhattacharya,"Phir Na Aisi Raat Aayegi (From ""Laal Singh Chaddha"")",69,283225,0.435,0.418,0.212,0.903,128.049,indian,India
3YRj4jmwois2ctPnhwSwFo,Vaseegara,Bombay Jayashri,Minnalae,68,299146,0.695,0.293,0.637,0.596,143.804,indian,India
7Lcp4QlpR3RDngYejm4fmS,"Kahani (From ""Laal Singh Chaddha"")",Pritam;Mohan Kannan;Amitabh Bhattacharya,"Kahani (From ""Laal Singh Chaddha"")",68,208539,0.406,0.336,0.327,0.815,149.354,indian,India
5cgKosPPj5Cs9a2JQufUc1,Ilahi,Pritam;Arijit Singh,Yeh Jawaani Hai Deewani,68,228982,0.593,0.967,0.452,0.166,131.988,indian,India
0pw3p4gf5homOkvOGOJulF,Tune Jo Na Kaha,Pritam;Mohit Chauhan;Sandeep Shrivastava,New York,68,310073,0.314,0.475,0.312,0.779,78.992,indian,India
0fIbPMXnTdyuW2UirA9mWQ,Pal Behta Jaaye,Vismay Patel,Pal Behta Jaaye,68,174545,0.776,0.223,0.196,0.721,109.966,indian,India
1UWacd8x8tPPwmrPB1MoBI,Ae Dil Hai Mushkil Title Track,Pritam;Arijit Singh,Ae Dil Hai Mushkil (Original Motion Picture Soundtrack) [Deluxe Edition],68,269032,0.495,0.654,0.35,0.713,123.896,indian,India
7tbzfR8ZvZzJEzy6v0d6el,Liggi,Ritviz,Dev,68,181176,0.786,0.667,0.688,0.0112,102.046,indian,India
6N5WkgPIDoTdbCXyyIIKAv,tere bina,Zaeden,tere bina,68,157245,0.889,0.341,0.942,0.117,118.003,indian,India
6BvRzfqi3sMAoQYnRpMVL0,Mazaak,Anuv Jain,Mazaak,68,212054,0.534,0.461,0.244,0.795,145.972,indian,India
018eOid2aGaPdxon7T6GsC,"Shayad (From ""Love Aaj Kal"")",Pritam;Arijit Singh,"Shayad (From ""Love Aaj Kal"")",68,247941,0.487,0.456,0.348,0.789,136.088,indian,India
0l6g8Z8mqGbGXFOjigYetD,Hawayein,Pritam;Arijit Singh,Jab Harry Met Sejal (Original Motion Picture Soundtrack),67,289999,0.606,0.601,0.453,0.796,125.961,indian,India
1QQ1Dx8dcLgWvUaY5fk84y,Invisible,Zeus X Crona;Julius Dreisig,Invisible,67,201015,0.682,0.836,0.224,0.141,82.53,indian,India
4Xba44w0LihzNJj1xgjs8J,"De Taali (From ""Bhool Bhulaiyaa 2"")",Pritam;Yo Yo Honey Singh;Armaan Malik;Shashwat Singh;Amitabh Bhattacharya,"De Taali (From ""Bhool Bhulaiyaa 2"")",67,210163,0.818,0.899,0.736,0.157,120.016,indian,India
1PZZtXR7nsNIyRcqd7UeiF,Aarambh,Piyush Mishra,Gulaal,67,295866,0.693,0.778,0.282,0.555,125.025,indian,India
4blqlsA1uf2d2I40E90EUC,"Tere Hawaale (From ""Laal Singh Chaddha"")",Pritam;Arijit Singh;Shilpa Rao,"Tere Hawaale (From ""Laal Singh Chaddha"")",67,346290,0.589,0.522,0.31,0.642,109.094,indian,India
5ZsAhuQ24mWHiduaxJqnhW,Udd Gaye,Ritviz,Ved,67,180413,0.595,0.817,0.483,0.000712,144.961,indian,India
2qgXrzJsry4KgYoJCpuaul,Choo Lo,The Local Train,Aalas Ka Pedh,67,233630,0.512,0.695,0.351,0.0265,145.957,indian,India
1UXVsKo6jWmvb2525sbpfT,Tum Kyun Chale Jaate Ho Chill,Swattrex,Tum Kyun Chale Jaate Ho Chill,66,157278,0.524,0.643,0.201,0.505,113.67,indian,India
4UMIv5jd9gK98a39BQRD9X,Kesariya,Pritam;Arijit Singh;Amitabh Bhattacharya,Brahmastra (Original Motion Picture Soundtrack),66,268164,0.577,0.574,0.436,0.572,94.009,indian,India
4rSmmC6OYmjVOYxr8ruVWN,Mere Bina,Pritam;Nikhil D'Souza,Crook (Original Motion Picture Soundtrack),66,289560,0.511,0.767,0.463,0.651,79.923,indian,India
0YLSjVxSb5FT1Bo8Tnxr8j,Baaraat,Ritviz;Nucleya,Baaraat,66,222096,0.678,0.449,0.606,0.477,100.033,indian,India
1EjxJHY9A6LMOlvyZdwDly,Tum Mile,Pritam;Neeraj Shridhar,Tum Mile (Original Motion Picture Soundtrack),66,343786,0.738,0.798,0.793,0.32,123.01,indian,India
6WediUhXDfm8FR3wlM0r3G,Subha Hone Na De,Pritam;Mika Singh;Shefali Alvares,Desi Boyz,66,288696,0.727,0.9,0.505,0.0805,131.97,indian,India
2iZeKe5avjtKVmjfSFkpxd,Tum Jo Aaye,Pritam;Rahat Fateh Ali Khan;Tulsi Kumar,Once Upon A Time In Mumbaai,66,286443,0.574,0.841,0.927,0.399,83.706,indian,India
0HnbfIzOu6eLF8Kb1mT9Wl,Laaree Chootee,WORMONO;Tejas R.H,Laaree Chootee,66,130718,0.303,0.349,0.337,0.758,180.246,indian,India
0Yld4eVEV6rBvpijVU2s6l,Naina,Pritam;Arijit Singh,Dangal (Original Motion Picture Soundtrack),66,225750,0.501,0.445,0.388,0.772,80.086,indian,India
3OAFzjwWionh8OfM4kgf2R,Main Yahaan Hoon,Madan Mohan;Udit Narayan;Javed Akhtar,Veer - Zaara,66,295157,0.484,0.788,0.741,0.69,171.973,indian,India
46NYX9zIml71qtfYYjakTI,"Kesariya Audio Teaser (From ""Brahmastra"")",Pritam;Arijit Singh;Amitabh Bhattacharya,"Kesariya Audio Teaser (From ""Brahmastra"")",66,44698,0.56,0.634,0.465,0.435,94.024,indian,India
4eu27jAU2bbnyHUC3G75U8,Badtameez Dil,Pritam;Benny Dayal;Shefali Alvares,Yeh Jawaani Hai Deewani,65,252760,0.806,0.932,0.792,0.24,106.021,indian,India
1eqNj2KekcQ8GKWoW4yFr6,socha na tha,Zaeden,Genesis 1:1,65,144250,0.489,0.752,0.179,0.665,192.133,indian,India
3OLFqbd9ZeVjaUKTiaLsD6,Tu Hi Haqeeqat,Pritam;Javed Ali;Irshan Ashraf;Shadab,Tum Mile (Original Motion Picture Soundtrack),65,302026,0.705,0.744,0.706,0.582,115.959,indian,India
4sNiMTu47WkUgW87qeUlWF,Mere Rashke Qamar,Nusrat Fateh Ali Khan;Rahat Fateh Ali Khan,Baadshaho,65,220382,0.718,0.83,0.771,0.404,105.012,indian,India
1CsRoIeHaHRysPMoEaKRoQ,Tum Mile - Lofi Flip,KSW;Neeraj Shridhar;Pritam,Tum Mile (Lofi Flip),65,242103,0.711,0.579,0.21,0.218,114.96,indian,India
71s7tZo8OGlN3VXyURWLUr,Make Some Noise For The Desi Boyz,Pritam;KK;Bob,Desi Boyz,65,244067,0.692,0.954,0.89,0.0188,141.98,indian,India
6GT0oiQdjiYX91qgAMi7Vd,Nit Nit,Jasleen Royal,Nit Nit,65,246136,0.442,0.412,0.235,0.781,176.019,indian,India
3nKEiJUeaWn8q2O9I1xwlB,Shukran Allah,Salim–Sulaiman;Sonu Nigam;Shreya Ghoshal;Salim Merchant,Kurbaan (Original Motion Picture Soundtrack),64,290053,0.432,0.695,0.513,0.732,116.153,indian,India
3beYHVCFKzbdNjJqjKeYpM,Teri Jhuki Nazar,Pritam;Shafqat Amanat Ali,Murder 3 (Original Motion Picture Soundtrack),64,279186,0.386,0.815,0.349,0.707,124.293,indian,India
4BiPsAV070dg3eLSVf727A,Ye Ishq Hai,Pritam;Shreya Ghoshal,Jab We Met,64,280974,0.823,0.638,0.882,0.434,118.045,indian,India
4vgCpNUUcpEIBifidhQOnR,Haan Tu Hain,Pritam;KK,Jannat (Original Motion Picture Soundtrack),64,324880,0.415,0.904,0.729,0.718,83.648,indian,India
7fyiYhn7STpHvT5g0lbncC,Ik Vaari Aa,Pritam;Arijit Singh,Raabta,64,274687,0.512,0.752,0.428,0.305,127.965,indian,India
3x9vShiP4hDhE94zvObYNS,Rangisari,Kanishk Seth;Kavita Seth,Jugjugg Jeeyo,64,223271,0.524,0.758,0.319,0.27,140.012,indian,India
5qhWIOZ6HztbHnsWNnkJTf,Get You The Moon X Agar Tum Saath Ho,Pranish VP,Get You The Moon X Agar Tum Saath Ho,64,236579,0.652,0.372,0.13,0.832,118.934,indian,India
6871FKHumiy1Wfr6vF7Xxt,"Hawayein (From ""Jab Harry Met Sejal"")",Pritam;Arijit Singh,"Hawayein (From ""Jab Harry Met Sejal"")",64,289999,0.606,0.601,0.453,0.796,125.961,indian,India
7ut6ZuyNo2OYnGDwlheIch,"Kesariya (From ""Brahmastra"") - Dance Mix",Pritam;Shashwat Singh;Antara Mitra;Arijit Singh,"Kesariya (Dance Mix) [From ""Brahmastra""]",64,197400,0.7,0.699,0.567,0.45,100.037,indian,India
5nm8oiPHEZTdFjFPiZakje,Woh Lamhe Woh Baatein - LoFi,Poorvesh Dave;Kuxh Beats,LoFi Songs,64,141955,0.457,0.516,0.149,0.353,89.96,indian,India
18e3XXYCv4Tx8uUl1mP3CN,Balam Pichkari,Pritam;Vishal Dadlani;Shalmali Kholgade,Yeh Jawaani Hai Deewani,64,288902,0.732,0.944,0.957,0.209,120.02,indian,India
7k6QR9YHyW258yVN6FHO1T,Doobey,OAFF;Savera;Lothika;Kausar Munir,Gehraiyaan (Original Motion Picture Soundtrack),64,219686,0.751,0.669,0.359,0.342,119.014,indian,India
4km0RUkMMFdx8iDuq36o2w,Janam Janam,Pritam;Arijit Singh;Antara Mitra,Dilwale (Original Motion Picture Soundtrack),64,237896,0.301,0.581,0.235,0.602,132.051,indian,India
0v77QqHiZUvfJkCk2rGRqw,Ranjha,Jasleen Royal;B Praak;Romy;Anvita Dutt,Shershaah (Original Motion Picture Soundtrack),64,228855,0.611,0.566,0.312,0.507,82.984,indian,India
1xtkLqZcGPQZP9549WlmfH,Mishri,Anuv Jain,Mishri,64,200437,0.534,0.159,0.184,0.917,80.047,indian,India
0up9rhm9qt2LW7cnoDFCMk,Jiyein Kyun,Pritam;Papon,Dum Maaro Dum,63,264962,0.393,0.609,0.347,0.0558,71.377,indian,India
5Gdm9IjDFObVuuznJ65OP2,Tera chehra unplugged,Nitin Shukla,Tera chehra unplugged,63,74615,0.417,0.0762,0.502,0.958,70.558,indian,India
5XbHpOBN1vTU3hN1YzLqHL,"Theethiriyaai (From ""Brahmastra (Tamil)"")",Pritam;Sid Sriram,"Theethiriyaai [From ""Brahmastra (Tamil)""]",63,278377,0.562,0.595,0.403,0.715,93.993,indian,India
3W1XPf7mvuQcWQB7U7MbTM,Dilliwaali Girlfriend,Pritam;Arijit Singh;Sunidhi Chauhan,Yeh Jawaani Hai Deewani,63,260552,0.687,0.941,0.909,0.0811,138.048,indian,India
5L70RGPJEdooqtrgR7vd6U,Hum Nashe Mein Toh Nahin,Pritam;Arijit Singh;Tulsi Kumar,Bhool Bhulaiyaa 2,63,238252,0.572,0.736,0.778,0.643,85.035,indian,India
1HGtTmgl1sEycuS9lJviWQ,dooriyan,Zaeden,Genesis 1:1,63,161624,0.735,0.593,0.475,0.731,160.07,indian,India
3i11e2jzUtO3jChiFl3v9x,Tere Liye,Madan Mohan;Lata Mangeshkar;Roop Kumar Rathod;Javed Akhtar,Veer - Zaara,63,331676,0.525,0.46,0.33,0.826,98.007,indian,India
3OZLwCFeWOCFHTlIIrwzmO,Darasal,Pritam;Atif Aslam,Raabta,63,274354,0.705,0.422,0.484,0.793,117.949,indian,India
6ZmtxXUXRVjxOhugKkmerC,Dil Mere,The Local Train,Aalas Ka Pedh,63,211290,0.655,0.473,0.572,0.842,92.962,indian,India
79jYT83v4bMOWEgwjQxSx2,"Ae Dil Hai Mushkil Title Track (From ""Ae Dil Hai Mushkil"")",Pritam;Arijit Singh,"Ae Dil Hai Mushkil Title Track (From ""Ae Dil Hai Mushkil"")",63,269032,0.495,0.654,0.35,0.713,123.896,indian,India
1rEVydQSe04NJUqyyEyeEq,Afghan Jalebi (Film Version),Pritam;Akhtar Chinnal,Phantom,63,224206,0.84,0.884,0.972,0.427,118.007,indian,India
3jJ5HgLRNydtLRghjWVaCG,Kabira (Encore),Pritam;Harshdeep Kaur;Arijit Singh,Yeh Jawaani Hai Deewani,63,270438,0.611,0.612,0.898,0.441,171.841,indian,India
0hFUtSsV2itYEUTZGj6w5H,"Aabaad Barbaad (From ""Ludo"")",Pritam;Arijit Singh,"Aabaad Barbaad (From ""Ludo"")",63,309103,0.626,0.522,0.628,0.686,118.001,indian,India
2iNqdCchlUZEgjJbQyZf8T,Teri Deewani,Kailash Kher;Paresh Kamath;Naresh Kamath,Kailasa,63,323520,0.447,0.6,0.434,0.324,80.044,indian,India
43mHckutQvJr49nT0UvRxy,Sage,Ritviz,Ved,63,230204,0.663,0.412,0.356,0.00434,98.023,indian,India
6E6BCsQHXDAdXsrL7zV71N,Roz Roz,The Yellow Diary;Shilpa Rao,Roz Roz,63,218550,0.653,0.446,0.472,0.546,100.018,indian,India
5WncH5iZ5GFlnXm7jKEXVP,Labon Ko,Pritam;KK,Bhool Bhulaiyaa,63,341027,0.63,0.837,0.473,0.329,107.997,indian,India
322TxW77VZdX9gHynK5Xue,Aaj Na,Ritviz,Mimmi,63,193425,0.659,0.345,0.338,0.106,84.761,indian,India
3TEpHcylaJDZyYOiBVzlwN,Raanjhanaa - Lofi Flip,Silent Ocean;Jaswinder Singh;Shiraz Uppal;A.R. Rahman,Raanjhanaa (Lofi Flip),62,190000,0.272,0.473,0.323,0.788,200.01,indian,India
4SqPZorSDuUtvdJwVGeZRC,Deva Deva,Pritam;Arijit Singh;Amitabh Bhattacharya;Jonita Gandhi,Brahmastra (Original Motion Picture Soundtrack),62,279107,0.539,0.729,0.435,0.627,112.074,indian,India
0Bz7dfqPY4JOGZO3O1j8Wh,Bulleya,Pritam;Amit Mishra;Shilpa Rao,Ae Dil Hai Mushkil (Original Motion Picture Soundtrack) [Deluxe Edition],62,348965,0.552,0.769,0.702,0.497,86.957,indian,India
5nTbPFqLKmQdIg1SD8KgG4,Meri Baaton Mein Tu,Anuv Jain,Meri Baaton Mein Tu,62,213986,0.623,0.455,0.233,0.426,142.878,indian,India
6ocOeSjnWPcSTaSsi0zIdY,Aao Milo Chalo,Pritam;Shaan;Sultan Khan,Jab We Met,62,325933,0.504,0.787,0.49,0.412,114.772,indian,India
2cC4DfpPa7x1QZTKQpe3TP,"Tumse Bhi Zyada (From ""Tadap"")",Pritam;Arijit Singh,"Tumse Bhi Zyada (From ""Tadap"")",62,319100,0.511,0.816,0.688,0.466,89.018,indian,India
5lrA2NzUxmBjKr2tCZfMtl,"Ik Vaari Aa (From ""Raabta"")",Pritam;Arijit Singh,"Ik Vaari Aa (From ""Raabta"")",62,274687,0.512,0.752,0.428,0.305,127.965,indian,India
6Y1cH3RzDCMWGQtOS0HmP8,Allah Ke Bande,Kailash Kher,Waisa Bhi Hota Hai Part 2,62,246883,0.543,0.44,0.726,0.795,125.53,indian,India
0A3hi4R0OZhvukBOrJhesu,Genesis (Intro),Zaeden,Genesis 1:1,62,72000,0.345,0.68,0.151,0.573,100.001,indian,India
4N66qcycDiFLJGjnXiKbKX,Sajde,Pritam;KK;Sunidhi Chauhan,Khatta Meetha,62,305583,0.693,0.638,0.747,0.354,90.005,indian,India
4Q7Q9bmbY5Lo7YamHngO4O,Zara Zara,Bombay Jayashri,Rehnaa Hai Terre Dil Mein,62,298266,0.643,0.268,0.62,0.593,143.813,indian,India
6nXwthh92R2HlnyBWtHgHP,kya karoon?,Zaeden,Genesis 1:1,62,200275,0.723,0.56,0.619,0.645,145.022,indian,India
7s0qlp1ibUxVXLsOM0YWia,First Class,Pritam;Arijit Singh;Neeti Mohan,Kalank (Original Motion Picture Soundtrack),62,276959,0.534,0.959,0.751,0.449,187.576,indian,India
5aU0fpmu2sdYJVOHVHCz5s,Teri Ore,Pritam;Rahat Fateh Ali Khan;Shreya Ghoshal,Singh Is Kinng,62,339644,0.467,0.791,0.695,0.168,83.354,indian,India
4FqjLKPwOcp22gKB4Ux5UD,Tarasti Hain Nigaahain (Galat Fehmi),Rishabh,Tarasti Hain Nigaahain (Galat Fehmi),62,68466,0.743,0.441,0.697,0.611,134.168,indian,India
7EYEswNmA0XjzwUitONgzK,Tuta Pull Wahan,Deepak Rathore Project,Tuta Pull Wahan,62,313170,0.588,0.283,0.284,0.863,82.044,indian,India
3jxNbVmugKWFFc3YAVl0sD,Aabaad Barbaad,Pritam;Arijit Singh,Ludo,62,309103,0.626,0.522,0.628,0.686,118.001,indian,India
7pTYN6Gxy3MOibdXmkzc5V,Jhak Maar Ke,Pritam;Neeraj Shridhar;Harshdeep Kaur,Desi Boyz,62,233302,0.8,0.904,0.714,0.238,95.04,indian,India
46elU7IBKWf55D5sjHGqO7,Dil Dhadakne Do,Joi Barua;Suraj Jagan,Zindagi Na Milegi Dobara,61,230318,0.778,0.599,0.949,0.0705,116.951,indian,India
1CPhllOfBgOtTTDe05tSEw,Tu Kahaan - 1 Min Music,OAFF;Lothika,Tu Kahaan (1 Min Music),61,60000,0.582,0.718,0.074,0.556,138.028,indian,India
7fyIuR4aaWb6iltlAoSkxF,Do Pal,Madan Mohan;Lata Mangeshkar;Sonu Nigam;Javed Akhtar,Veer - Zaara,61,265926,0.247,0.556,0.371,0.635,168.823,indian,India
0ecW7IqLKhzKTPeqLSNc0V,Sang Rahiyo,Jasleen Royal;Ranveer Allahbadia;Ujjwal Kashyap,Sang Rahiyo,61,213288,0.629,0.528,0.397,0.791,93.982,indian,India
1plFCZ6QFAjSRutT02GTCn,"Channa Mereya (From ""Ae Dil Hai Mushkil"")",Pritam;Arijit Singh,"Channa Mereya (From ""Ae Dil Hai Mushkil"")",61,289333,0.476,0.788,0.747,0.24,90.066,indian,India
6Ln89sczgIcAJXGAIdS94R,Riha,Anuv Jain,Riha,61,287323,0.389,0.148,0.4,0.897,142.611,indian,India
5bHDGWyIFML1LYXZWTD5MF,I Love You,Pritam;Ash King;Clinton Cerejo,Bodyguard,61,256812,0.654,0.671,0.76,0.359,90.063,indian,India
2xy57NLEmzuQQeBRORdaOq,Kosandra - Remix,Maikkis,Kosandra,61,178561,0.707,0.921,0.547,0.135,99.994,indian,India
1QufGJee7k9v4Cfp2NxXbv,Abhi Kuch Dino Se,Pritam;Mohit Chauhan,Dil Toh Baccha Hai Ji,61,285686,0.703,0.695,0.683,0.654,92.003,indian,India
7uhINGViZPygI2AljxO8KN,cold/mess,Prateek Kuhad,cold/mess,61,281218,0.509,0.477,0.283,0.309,146.031,indian,India
2iXVckhPy7tP0wV9DvlrjZ,Mauja Hi Mauja,Pritam;Mika Singh,Jab We Met,61,245099,0.738,0.873,0.484,0.075,104.982,indian,India
2XYyriLyJSuGj4FN7QoNmM,Khudaya Khair,Pritam;Soham Chakraborty;Akriti Kakkar;Monali Thakur,Billu,61,280557,0.573,0.746,0.807,0.45,171.949,indian,India
6CCV7FeYgEQ7Ekbes6B36Q,Bhool Bhulaiyaa,Pritam;Neeraj Shridhar,Bhool Bhulaiyaa,61,325033,0.843,0.9,0.89,0.31,108.015,indian,India
7vwTvVDpsONocB0zr8ShtJ,Ranjha - Lofi Flip,VIBIE;Jasleen Royal;B Praak,Ranjha (Lofi Flip),61,201600,0.581,0.432,0.309,0.799,150.185,indian,India
7fpWJr5shT90KiCHXKHxch,Phir Le Aya Dil - Reprise,Pritam;Arijit Singh,Barfi! (Original Motion Picture Soundtrack),61,305613,0.237,0.543,0.316,0.838,73.896,indian,India
1CVqr5LImdmJ1Upt4z08Pm,Tu Hi Mera,Pritam;Shafqat Amanat Ali,Jannat 2 (Original Motion Picture Soundtrack),60,272973,0.621,0.859,0.873,0.546,90.047,indian,India
3f9dNrQR4stx9CCfpqZVSf,Rasiya Reprise,Pritam;Arijit Singh;Amitabh Bhattacharya,Brahmastra (Original Motion Picture Soundtrack),60,285000,0.34,0.606,0.268,0.798,151.383,indian,India
3ksl6hn7Ya34q5K3cl7w9I,Let Me Down Slowly X Aaya Na Tu - Lofi Mix,It's DPK,Let Me Down Slowly X Aaya Na Tu (Lofi Mix),60,179017,0.441,0.55,0.172,0.241,119.953,indian,India
7iLA6PQeQWRjLDHOJgGpj5,Gerua,Pritam;Arijit Singh;Antara Mitra,Dilwale (Original Motion Picture Soundtrack),60,345558,0.371,0.668,0.403,0.636,87.458,indian,India
1bx6spmieE655BQvWdTYKA,Ghar More Pardesiya,Pritam;Shreya Ghoshal,Kalank (Original Motion Picture Soundtrack),60,319635,0.703,0.982,0.697,0.394,110.03,indian,India
5qtEWwRUX3GKgpWwDQf9SA,Woh Din,Pritam;Arijit Singh,Chhichhore,60,258036,0.652,0.681,0.677,0.503,81.489,indian,India
5FihcmME7NlwW8KbYOaHVH,The Breakup Song,Pritam;Arijit Singh;Badshah;Jonita Gandhi;Nakash Aziz,Ae Dil Hai Mushkil (Original Motion Picture Soundtrack) [Deluxe Edition],60,252631,0.818,0.93,0.831,0.33,113.988,indian,India
4R8VBRb5nKbEfi1EIA2B7p,KTMBK,Zaeden;Hanita Bhambri,Genesis 1:1,60,154434,0.898,0.435,0.836,0.555,115.034,indian,India
47l2Dd3XPBLio3kjbEMyDJ,Tujhe Sochta Hoon,Pritam;KK,Jannat 2 (Original Motion Picture Soundtrack),60,313933,0.579,0.712,0.486,0.259,80.998,indian,India
2cnh1D3Q7GbEXzyhyrZstJ,Can We Stay Forever?,joyvegas,Can We Stay Forever?,60,64245,0.235,0.449,0.382,0.836,86.153,indian,India
5YY8EsBdUYAg1NJQIvgCEj,Ghagra,Pritam;Rekha Bhardwaj;Vishal Dadlani,Yeh Jawaani Hai Deewani,60,304307,0.706,0.919,0.701,0.223,101.94,indian,India
20rwogC6aE369YsxFb5aRp,Din Shagna Da,Jasleen Royal,Phillauri,60,215304,0.583,0.452,0.327,0.802,79.999,indian,India
3P167vmmGRGKHoy7uDugvy,Itni Si Baat Hain,Pritam;Arijit Singh;Antara Mitra,Azhar,60,294846,0.56,0.768,0.289,0.494,155.765,indian,India
68RveqIjrkOeBbEGL67GgA,Allah Maaf Kare,Pritam;Sonu Nigam;Shilpa Rao,Desi Boyz,60,230164,0.664,0.792,0.86,0.184,139.961,indian,India
3x55c9UVpbURc2T02DLfEM,Te Amo (Duet),Pritam;Ash King;Sunidhi Chauhan,Dum Maaro Dum,60,284723,0.594,0.757,0.597,0.606,127.894,indian,India
665b3Nss3OQmhTUdB5hBXw,Bheegi Si Bhaagi Si,Pritam;Mohit Chauhan;Antara Mitra,Raajneeti (Original Motion Picture Soundtrack),60,278093,0.564,0.867,0.815,0.361,88.919,indian,India
2Huc0pVL2qSVn9YD9ylRcz,"Kunkumamaake (From ""Brahmastra (Malayalam)"")",Pritam;Hesham Abdul Wahab;Sid Sriram,"Kunkumamaake [From ""Brahmastra (Malayalam)""]",60,278377,0.555,0.588,0.374,0.814,94.052,indian,India
3FTRSa9mWB3kKx2jkhUAN3,Tum Jab Paas,Prateek Kuhad,Tum Jab Paas - Single,60,235932,0.751,0.344,0.471,0.528,122.1,indian,India
1juJ3mwsFerctbngtK42G4,Saware,Pritam;Arijit Singh,Phantom,60,321613,0.499,0.683,0.295,0.703,134.95,indian,India
6rfahvufEQDIVTHJIU2QQB,"For Aisha (Featured in ""The Sky Is Pink"")",MEMBA;EVAN GIIA;Nooran Sisters,"For Aisha (Featured in ""The Sky Is Pink"")",59,357931,0.568,0.622,0.109,0.063,76.984,indian,India
21hHDH6amg7qm9QR9vfqb9,Jashne Bahara - Lofi Flip,Jammy Weirdo;Mig,Jashne Bahara (Lofi Flip),59,184888,0.697,0.3,0.251,0.425,134.937,indian,India
0MLZAgKQKHbPsJ12qHS860,Haan Main Galat,Pritam;Arijit Singh;Shashwat Singh,Love Aaj Kal (Original Motion Picture Soundtrack),59,218644,0.683,0.737,0.919,0.125,117.996,indian,India
0mh4VutnDyBn1sqcp05MZD,Mat Aazma Re,Pritam;KK,Murder 3 (Original Motion Picture Soundtrack),59,251480,0.467,0.859,0.673,0.661,89.842,indian,India
1FTiraMT2EX2zX1445zmWD,Waalian (Lo-Fi),Sanjay S Yadav,Waalian (Lo-Fi),59,175020,0.513,0.419,0.211,0.000859,79.323,indian,India
72HdutlIHBZJ7WT1xVAAZT,Kajra Re,Shankar;Ehsaan;Loy;Alisha Chinai;Shankar Mahadevan;Gulzar,Bunty Aur Babli,59,482586,0.484,0.898,0.68,0.365,91.975,indian,India
4w2W5Gh1GjbbSWGF0TD2iC,Kaun Hain Voh,Kailash Kher;Mounima,Baahubali - The Beginning,59,197984,0.468,0.742,0.372,0.333,147.014,indian,India
1sYC1fG7s4p0pTykrJqmgW,Kyon,Pritam;Papon;Sunidhi Chauhan,Barfi! (Original Motion Picture Soundtrack),59,266053,0.726,0.664,0.831,0.636,121.922,indian,India
068HSvCf5MbQfhV4qqaelg,"Haan Main Galat (From ""Love Aaj Kal"")",Pritam;Arijit Singh;Shashwat Singh,"Haan Main Galat (From ""Love Aaj Kal"")",59,218644,0.685,0.736,0.893,0.0997,117.979,indian,India
3tp3ij9dtY3CacQgd1OvRf,Zara Zara - LoFi Chill,Bombay Jayashri;Swattrex,Hindi LoFi Vibe,59,387716,0.583,0.308,0.241,0.581,118.226,indian,India
1rDQJd8kzwBRXeoTtojkQn,Roz,Ritviz;Nucleya,Baaraat,59,219240,0.833,0.639,0.448,0.152,102.989,indian,India
4QSF0d4ENvMXA03ARpMfaP,Chaudhary,Mame Khan,Coke Studio @ MTV Season 2: Episode 3,59,423613,0.452,0.703,0.813,0.484,172.039,indian,India
4BExko3OEVRa3RI50gpFgA,Huzur (Reprise),Rusha & Blizza,Bazaar,59,296092,0.641,0.475,0.0399,0.385,106.938,indian,India
1F0i0Ynrv28aAvycSLsugZ,"Kesariya Rangu (From ""Brahmastra (Kannada)"")",Pritam;Sanjith Hegde;Sid Sriram,"Kesariya Rangu [From ""Brahmastra (Kannada)""]",59,278377,0.555,0.596,0.352,0.665,94.2,indian,India
1U8rhryVYw9gWZ6zvw4Orc,Beqaaboo,OAFF;Savera;Shalmali Kholgade;Kausar Munir,Gehraiyaan (Original Motion Picture Soundtrack),59,187266,0.679,0.663,0.511,0.0221,123.985,indian,India
7pHUAAEiXQMaZOng72W6K0,Pehli Baarish,Akanksha Bhandari,Pehli Baarish,59,157826,0.584,0.342,0.574,0.842,91.974,indian,India
6J4oLY2GEwOsUgEd50IpKy,Baarish Ka Asar,Twin Strings,Baarish Ka Asar,59,245500,0.59,0.63,0.227,0.469,119.962,indian,India
6APAPsBCutqTFJ9OFTbeCa,Ondra Renda,Bombay Jayashri,Kaakha Kaakha (Original Motion Picture Soundtrack),59,306626,0.642,0.562,0.671,0.584,149.82,indian,India
2kTciGcOlngSuou8hnedxM,Tu Mileya - LoFi,Rik Beatz,Tu Mileya (LoFi),59,188708,0.4,0.563,0.0934,0.586,84.811,indian,India
5wNpnKRUxbPoIpDXFZ5NkU,Sochta Houn,Nusrat Fateh Ali Khan;A1Melodymaster,Reformed,59,277278,0.8,0.634,0.46,0.356,100.001,indian,India
7hXnhouVPnOnFwCGrQMHvB,Cutiepie,Pritam;Pardeep Singh Sran;Nakash Aziz,Ae Dil Hai Mushkil (Original Motion Picture Soundtrack) [Deluxe Edition],59,231562,0.799,0.929,0.952,0.253,127.999,indian,India
3InIAYQyi22mfV4g1T9Jkc,Main Tera Boyfriend,Pritam;Arijit Singh;Neha Kakkar;Meet Bros.,Raabta,59,276153,0.841,0.914,0.651,0.0958,104.014,indian,India
1RayD3fcMnsD1kCf5Te1Rd,Saware - Lofi Mix,It's DPK;Nidhi Hegde,Saware (Lofi Mix),59,147774,0.359,0.369,0.124,0.792,126.558,indian,India
4kUWdUJZnxWMxY31AzorKa,Dilbara,Pritam;Abhijeet;Sowmya Raoh;Sameer,Dhoom,59,272169,0.87,0.747,0.817,0.251,130.032,indian,India
4e9dIemIXO8Tzg0k4aWujk,"Raabta (Title Track) [From ""Raabta""]",Pritam;Arijit Singh;Nikhita Gandhi,"Raabta (Title Track) [From ""Raabta""]",59,297158,0.636,0.701,0.352,0.414,113.886,indian,India
6Owi3S26o0nbvDznmjvOT8,"Lehra Do (From ""83"")",Pritam;Arijit Singh,"Lehra Do (From ""83"")",59,217848,0.509,0.91,0.52,0.487,83.974,indian,India
2otOohepaEizGYZczT5kSJ,Tum Jo Aaye (Lofi),Rudra;Neelesh,Tum Jo Aaye (Lofi),59,154906,0.661,0.488,0.244,0.0923,139.982,indian,India
77ry49b6wnFaizfe6rFPhe,De Taali,Pritam;Yo Yo Honey Singh;Armaan Malik;Shashwat Singh;Amitabh Bhattacharya,Bhool Bhulaiyaa 2,59,210163,0.818,0.899,0.736,0.157,120.016,indian,India
0072MKNpMeJNx8aRfTNfQW,Shaayraana,Pritam;Arijit Singh,Holiday - A Soldier Is Never Off Duty (Original Motion Picture Soundtrack),58,261439,0.604,0.665,0.702,0.607,93.963,indian,India
5R5OPt5ndBtQNWLr3Rj7AI,Play Date X Main Tera,Pranish VP,Play Date X Main Tera,58,223451,0.731,0.481,0.447,0.833,117.881,indian,India
5w1MhmSc5S5iHnhy4s3fFb,Hawayein - Lofi Flip,VIBIE;Arijit Singh;Pritam,Hawayein (Lofi Flip),58,313040,0.489,0.313,0.332,0.875,114.71,indian,India
1gxmaTGnxEgZuV8485tevN,Alag Aasmaan (Acoustic),Anuv Jain,Alag Aasmaan (Acoustic),58,211578,0.625,0.103,0.668,0.921,115.732,indian,India
3h2aYVv7RHnOW0qGGYdYIT,Close Your Eyes,KSHMR;Tungevaag,Close Your Eyes,58,168833,0.51,0.898,0.483,0.0294,179.969,indian,India
74AqVxZ3oXwJ8olHssBUG3,Ainvayi Ainvayi,Salim–Sulaiman;Sunidhi Chauhan;Amitabh Bhattacharya,Band Baaja Baaraat,58,267624,0.689,0.742,0.876,0.0339,155.986,indian,India
1TkyDEdjiUuYhoMkxdZCiO,Tere Hi Hum,Prateek Kuhad,Tere Hi Hum,58,177026,0.738,0.305,0.489,0.851,116.07,indian,India
62kyw2ux2p0CZ7pKWtM6QO,Tujhko Jo Paaya,Pritam;Mohit Chauhan,Crook (Original Motion Picture Soundtrack),58,184826,0.598,0.236,0.413,0.845,149.839,indian,India
5Sif2EoFy6jvZ31s0wsB6Y,Chup Chup Ke,Pritam;Shaan;Muazzam;Rizwan Ali Khan,Rush,58,229651,0.691,0.738,0.871,0.711,90.033,indian,India
6YycppSAeGtSvwmu8qCcr2,In Dino,Pritam;Soham,Life In A Metro (Original Motion Picture Soundtrack),58,397026,0.41,0.633,0.344,0.513,101.461,indian,India
0s8Ht3XaHDQuDjLnK3xVMW,Shayad - Lofi Flip,VIBIE;Arijit Singh;Pritam,Shayad (Lofi Flip),58,208000,0.666,0.44,0.423,0.601,120.008,indian,India
1KPAtV3E11Y3pbnzUOtO0d,Samjhawan - Lofi Flip,KSW;Arijit Singh;Shreya Ghoshal;Shaarib Toshi;Jawad Ahmad,Samjhawan (Lofi Flip),58,227100,0.58,0.418,0.168,0.453,107.031,indian,India
2nEntnpNpsJNhw1wLY8O96,Jeet,Ritviz,Ved,58,184848,0.787,0.734,0.644,0.364,98.989,indian,India
4LtSTc3xANVhYeeN69nscM,Aaftaab,The Local Train,Vaaqif,58,233471,0.464,0.391,0.418,0.755,106.887,indian,India
36RUXg3A6mjjpBLl3sPFb5,Tere Bina - Lofi Flip,Jay Kava;Murtuza Khan;Qadir Khan;A.R. Rahman,Tere Bina (Lofi Flip),58,166499,0.615,0.314,0.238,0.267,144.069,indian,India
6pvpFQ2jaI6oXAswo3GSUW,Dariya,Vismay Patel,Dariya,58,216107,0.62,0.222,0.339,0.905,89.94,indian,India
0lj4lRz7YYrN8vtNkxnrx7,Love Me Thoda Lofi,Swattrex,Love Me Thoda Lofi,58,224500,0.417,0.497,0.0832,0.589,89.553,indian,India
7nr3RAMpV11jb07Rw2sfzk,Dil Pe Zakham Khate Hain,Nusrat Fateh Ali Khan;Afternight Vibes,"Revamped, Vol. 3 (Remix)",58,284514,0.788,0.55,0.497,0.173,101.953,indian,India
1r4oikmMdZZiGHkPA4hSoe,Character Dheela,Pritam;Neeraj Shridhar;Amrita Kak,Ready,58,226300,0.783,0.889,0.851,0.108,111.983,indian,India
1E2Hs9fuKr9wSPAvlYX8lR,Lehra Do,Pritam;Arijit Singh,83 (Original Motion Picture Soundtrack),58,217848,0.509,0.91,0.52,0.487,83.974,indian,India
5EIFtcs5653Xjgs1gAAB7a,Pee Loon Lofi Mix,Pritam;Mohit Chauhan;Kedrock;Sd Style,Pee Loon Lofi Mix,58,194261,0.322,0.439,0.423,0.658,74.472,indian,India
6zfvsbeuFKoWIdoRb3JdhA,Rasiya,Pritam;Shreya Ghoshal;TUSHAR JOSHI,Brahmastra (Original Motion Picture Soundtrack),57,265063,0.54,0.796,0.636,0.371,78.99,indian,India
6MZyrnqwsLnrWY5Gk0AyXg,Farq hai,Suzonn,Farq hai,57,184090,0.8,0.209,0.74,0.865,87.972,indian,India
6RtnuC14DOUrvpRgS6WMQX,Zakir,NAALAYAK,Zakir,57,221666,0.613,0.508,0.327,0.275,144.106,indian,India
0hpP2fBridGH2Bq6qmg9LM,Dil Hi Toh Hai,Pritam;Arijit Singh;Antara Mitra;Nikhil D'Souza,"Dil Hi Toh Hai (From ""The Sky Is Pink"")",57,280496,0.482,0.694,0.573,0.452,90.196,indian,India
7LGgRybx6vnACSRnYcGmMl,Judai,Pritam;Kamran Ahmed,Jannat (Original Motion Picture Soundtrack),57,302400,0.677,0.837,0.829,0.237,111.934,indian,India
5xRci5qoXzzJgR6ZwzXO2J,Rabba Main Toh Mar Gaya Oye,Pritam;Rahat Fateh Ali Khan,Mausam,57,269003,0.586,0.833,0.593,0.469,87.892,indian,India
117gRrOjnRkMCgWxNtDNSv,Kasoor - Acoustic,Prateek Kuhad,Shehron Ke Raaz,57,213306,0.62,0.111,0.477,0.896,127.96,indian,India
5qyEyqpT0TBVun8W07MEmR,Maula,Anuv Jain,Maula,57,237882,0.327,0.325,0.359,0.686,84.951,indian,India
7ttlemwytO21npSmLKqTBg,Aashiyan,Pritam;Shreya Ghoshal;Nikhil Paul George,Barfi! (Original Motion Picture Soundtrack),57,236373,0.829,0.622,0.775,0.293,131.971,indian,India
3llwwXagtWAQAkYlTyIJMS,Arcade X Aaya na tu (Mashup),Rudra,Arcade X Aaya na tu (Mashup),57,136542,0.394,0.33,0.477,0.394,79.868,indian,India
0dT6g7oqjEqphjXMk8MKHz,Dangal,Pritam;Daler Mehndi,Dangal (Original Motion Picture Soundtrack),57,299325,0.618,0.867,0.665,0.239,178.017,indian,India
4TobDQpylJNxkXMH1QUvTp,Tum Mile - Love Reprise,Pritam;Javed Ali,Tum Mile (Original Motion Picture Soundtrack),57,303320,0.589,0.626,0.443,0.777,114.915,indian,India
54SQet8YMttOgTqDNGcGpe,Sau Tarah Ke,Pritam;Jonita Gandhi;Amit Mishra,Dishoom,57,238994,0.702,0.773,0.719,0.0469,133.888,indian,India
5LRnKVQjcqslU5QV3RB7TG,Tum,Anurag Vashisht,Tum,57,178604,0.454,0.463,0.214,0.854,171.826,indian,India
11PgL2XjsTBszhAPqttBJS,Raabta (Kehte Hain Khuda Ne),Pritam;Shreya Ghoshal;Arijit Singh,Agent Vinod,57,289196,0.69,0.427,0.459,0.866,110.938,indian,India
2uAl7AJJsYCCo2pqcSQI7Y,Chellakuttiye (Avastha Love Song),Jecin George;Pearle Maaney;Srinish Aravind,Chellakuttiye (Avastha Love Song),57,225585,0.436,0.544,0.313,0.543,169.955,indian,India
0P4AQdNDgEdi7J8mpgY8Jx,Khoya,Zariya;Aseem,Khoya,57,178197,0.609,0.539,0.413,0.138,99.995,indian,India
1EuQFujqMzy76oZZ7R2xNO,Pahadon Mein,Salman Elahi,Shaan,57,225391,0.776,0.477,0.774,0.592,115.008,indian,India
43zAeubINaItVCIhyhtzDf,Kinna Sona,Sahil Arun,Kinna Sona,57,316604,0.625,0.48,0.41,0.504,115.2,indian,India
0FaYl39oV2OPFGYJ6MbILr,"Main Ki Karaan? (From ""Laal Singh Chaddha"")",Pritam;Sonu Nigam;Romy,"Main Ki Karaan? (From ""Laal Singh Chaddha"")",57,254228,0.722,0.415,0.439,0.738,117.971,indian,India
5txPvcrvv4V23bjpaGGp4u,Kaise Kahu,Anirudh Sharma,Kaise Kahu,57,373170,0.641,0.578,0.458,0.571,123.01,indian,India
5DyYcwMw0f6z3FefXNLOHv,Ishq Hua,Salim–Sulaiman;Sonu Nigam;Shreya Ghoshal;Jaideep Sahni,Aaja Nachle,57,263026,0.405,0.745,0.751,0.657,87.452,indian,India
0se928CIhZPlfVGi3A6zrx,Crazy Kiya Re,Pritam;Sunidhi Chauhan;Sameer,Dhoom:2,57,294504,0.759,0.938,0.81,0.143,92.017,indian,India
7GE3LwWzboPaTN0TlDcPs1,Khwab Dekhe Sexy Lady,Pritam;Neeraj Shridhar;Monali Thakur,Race (Original Motion Picture Soundtrack),57,279356,0.818,0.829,0.967,0.303,108.999,indian,India
4SlCYFaUQ8GRuwdpgniaGF,Bombay Dreams (feat. Kavita Seth),KSHMR;Lost Stories;Kavita Seth,Bombay Dreams (feat. Kavita Seth),57,198461,0.629,0.821,0.458,0.0194,103.998,indian,India
2QY6SJXVnBFaqxOZhC1Fuu,Kamli,Pritam;Sunidhi Chauhan;Amitabh Bhattacharya,Dhoom:3,56,235102,0.619,0.925,0.738,0.162,175.117,indian,India
1opxtm6zIv7IF19S0eCtvV,Thug Le,Salim–Sulaiman;Vishal Dadlani;Shweta Pandit;Amitabh Bhattacharya,Ladies Vs Ricky Bahl,56,218932,0.768,0.788,0.931,0.0992,112.988,indian,India
70ifdSj5JAvKISNn2cD87A,Gehraiyaan Title Track,OAFF;Savera;Lothika;Ankur Tewari,Gehraiyaan (Original Motion Picture Soundtrack),56,179032,0.309,0.299,0.193,0.554,126.424,indian,India
3cGMTR0B5zA3zQsVJjddtQ,Love Me Thoda Aur,Pritam;Arijit Singh,Yaariyan,56,265810,0.53,0.557,0.359,0.648,86.983,indian,India
47hXMyQDGW8sA1NGqmFL7h,All I Need,Prateek Kuhad,The Way That Lovers Do,56,153693,0.786,0.356,0.519,0.771,116.023,indian,India
7FsbfCdgaITFyfA51iur79,"Chaandaniya (From ""2 States"")",Mohan Kannan;Yashita Sharma,Pen Down With Amitabh Bhattacharya,56,247862,0.567,0.546,0.401,0.301,113.806,indian,India
4tyofCkaLLqvRmM84M6CB5,Tumse Bhi Zyada,Pritam;Arijit Singh,Tadap,56,319100,0.511,0.816,0.688,0.466,89.018,indian,India
7CDP4uXu6mkBDzaTOx9yTS,Aadat Se Majboor,Salim–Sulaiman;Benny Dayal;Amitabh Bhattacharya,Ladies Vs Ricky Bahl,56,277760,0.836,0.629,0.801,0.359,115.048,indian,India
7rtaBPvxCSw2bKY8miNyLa,Har Ek Pal,Ashu Shukla,Har Ek Pal,56,196875,0.718,0.448,0.429,0.506,106.667,indian,India
36jYuqoGDDlfZBst0p4JGy,Mehfooz,Ritviz,Mimmi,56,142201,0.453,0.643,0.318,0.0855,91.992,indian,India
0OQzbOu5JGo2LgtwJI04zO,Daayre,Pritam;Arijit Singh,Dilwale (Original Motion Picture Soundtrack),56,290548,0.536,0.706,0.442,0.5,113.972,indian,India
0xHvmWCpz9Pnn1sDvRehAs,Channa Mereya - Unplugged,Pritam;Arijit Singh,Ae Dil Hai Mushkil (Original Motion Picture Soundtrack) [Deluxe Edition],56,165333,0.537,0.251,0.288,0.899,89.916,indian,India
1J9f1ooloQme6G8vhgKibt,Mere Dholna (Arijit Version),Pritam;Arijit Singh,Bhool Bhulaiyaa 2,56,364286,0.681,0.917,0.772,0.343,116.03,indian,India
0ZcmID2qNnYIFx2zMFbCBk,Love You Forever,Kritiman Mishra,Love You Forever,56,231502,0.383,0.635,0.4,0.496,95.112,indian,India
1VXbZLIbWT4PqUYrRnzxgA,You Are Mine,Anirudh Sharma,You Are Mine,56,259230,0.502,0.466,0.427,0.553,156.388,indian,India
03m3kX5QmsPQaA1Xl5gfP4,Aaoge jab tum o sajna unplugged,Nitin Shukla,Aaoge jab tum o sajna unplugged,56,101615,0.501,0.0664,0.547,0.983,94.04,indian,India
5f4CDQSxZJ8GuYdwMdz37V,Mere Bina - Lofi Flip,KSW;Nikhil D'Souza;Pritam,Mere Bina (Lofi Flip),56,162780,0.602,0.397,0.105,0.508,78.019,indian,India
61IEe4ujPKOU7OIyubydfz,Dooba Dooba,Silk Route,Boondein,56,303020,0.716,0.562,0.533,0.529,105.004,indian,India
65bMbbRjIlGyJBgQRi6Qvv,Malang,Pritam;Siddharth Mahadevan;Shilpa Rao;Sameer Anjaan,Dhoom:3,56,273737,0.514,0.873,0.583,0.172,173.03,indian,India
6L4QbsQrP9ZiZdz9SfOSGV,Yeh Dooriyan,Pritam;Mohit Chauhan,Love Aaj Kal (Original Motion Picture Soundtrack),56,241636,0.615,0.566,0.309,0.696,109.986,indian,India
0PKEQjnGn0LmPjozJ3t4MF,Main Bola Hey!,Karthik Rao,Kota Factory: Season 1 (Music from Tvf Original Series),56,153000,0.646,0.33,0.499,0.75,84.995,indian,India
5u4q3iqZ9IMbXaR7bsGYbW,Hai Junoon,Pritam;KK;Sandeep Shrivastava,New York,56,331572,0.739,0.664,0.878,0.539,106.021,indian,India
6smPjrA4Hf7J3kFe9afb1E,Tere Jaane Se,Anurag Vashisht,Tere Jaane Se,56,211462,0.59,0.459,0.293,0.661,149.885,indian,India
3oM90C4SZLYzVZJEZD5EQk,Khairiyat (Bonus Track),Pritam;Arijit Singh,Chhichhore,56,270706,0.605,0.655,0.597,0.484,124.974,indian,India
7fY8qVujvm5lZBrt5Y1sIJ,Khayaal,Arijit Anand;Ankita Barwad,Khayaal,56,149749,0.702,0.326,0.556,0.731,110.022,indian,India
05R5NzVM92huBXaszuXSZH,Teri Ore (Lo-Fi Flip),VIBIE,Teri Ore (Lo-Fi Flip),56,243000,0.325,0.487,0.205,0.677,160.26,indian,India
5VSJ9OfZx8V91A7u8Fuoh1,Aaoge Tum Kabhi,The Local Train,Aalas Ka Pedh,56,313163,0.534,0.863,0.374,0.0152,98.006,indian,India
12P8gSLA1zX3GqKjyAvUKy,Jay-Jaykara,Kailash Kher,Bahubali- The Conclusion,56,211902,0.603,0.72,0.695,0.783,91.991,indian,India
1gWtHDe403RuyZqhvSRcv8,Tune Kaha,Prateek Kuhad,Tune Kaha,56,216885,0.362,0.763,0.431,0.015,187.291,indian,India
7jZmxEZsAUsQQ7ti99Y0bz,Heavy Driver,Nazz,Heavy Driver,55,172094,0.615,0.686,0.805,0.117,193.682,indian,India
0EiZCuVOP3E9MobSidssSC,Yaariyaan - Male Vocals,Mohan Kannan,Cocktail (Original Motion Picture Soundtrack),55,374173,0.497,0.519,0.415,0.0754,74.967,indian,India
3FS3ItpUATpALLi90uvkde,I Am In Love,Pritam;KK;Dominique,Once Upon A Time In Mumbaai,55,285108,0.702,0.694,0.76,0.685,130.024,indian,India
7nIyZpAsOH3U0dYBiozXea,Tere Jeya Hor Disda,The Yellow Diary,Izafa,55,190122,0.561,0.526,0.463,0.774,89.996,indian,India
0d1JQdBaeetUo8xAiKCT3C,Tera Deedar Hua,Pritam;Anupam Amod;Rahat Fateh Ali Khan,Jannat 2 (Original Motion Picture Soundtrack),55,347573,0.58,0.846,0.774,0.592,89.952,indian,India
4137w3YEeQSgz52qxyjxHR,Kaun Mera,Papon,Special 26,55,172942,0.63,0.376,0.347,0.416,100.969,indian,India
4cNOOkWBjY41prOyd2r6Jz,Manohari,Divya Kumar;Neeti Mohan,Baahubali - The Beginning,55,216742,0.583,0.8,0.797,0.0864,159.998,indian,India
6SWsSQnuTOyE6DOJG7Zdi4,Sun Lo Na (Raw),Suzonn,Sun Lo Na (Raw),55,174466,0.856,0.178,0.632,0.748,130.089,indian,India
5aQe0faFOjeskrHwpleXLJ,Yellow Paper Daisy,When Chai Met Toast,Yellow Paper Daisy,55,199772,0.428,0.442,0.687,0.775,105.829,indian,India
1wIQyXIK78ouFBP6LRxd6E,Kannadi Koodum Kootti - Recreated Version,Sanah Moidutty,Kannadi Koodum Kootti (Recreated Version),55,209690,0.815,0.403,0.622,0.756,97.017,indian,India
2lntQGHk2ZQkyyrnpcu5sJ,Mujhe Kaise Pata Na Chala,Papon,Mujhe Kaise Pata Na Chala,55,317078,0.365,0.404,0.308,0.813,75.002,indian,India
6D3vmtskO4RbZP3bBIDY3X,Chak De India,Salim–Sulaiman;Sukhwinder Singh;Marianne D'Cruz;Jaideep Sahni,Chak De India,55,283951,0.755,0.894,0.799,0.54,104.985,indian,India
2tUChcOi3ktjFzMYu2w5QL,Mannarkudi Kalakalakka,Manikka Vinayagam;Rajlakshmi Devi;Chinna Ponnu,Sivappathigaram,55,248613,0.701,0.906,0.759,0.245,157.841,indian,India
2R4zzmPXIFuBH0BqdWDkfC,Mere Dholna,Pritam;Shreya Ghoshal;M. G. Sreekumar,Bhool Bhulaiyaa,55,404432,0.68,0.973,0.727,0.414,115.061,indian,India
2R3CJquLzefg8IYp0K0hnB,Rangisari Lofi Mix,Kanishk Seth;Kavita Seth;Kedrock;Sd Style,Rangisari Lofi Mix,55,181215,0.424,0.451,0.136,0.707,139.972,indian,India
382emarYcsDvic5RCKaglv,"Kahani (Sonu's Version) [From ""Laal Singh Chaddha""]",Pritam;Sonu Nigam;Amitabh Bhattacharya,"Kahani (Sonu's Version) [From ""Laal Singh Chaddha""]",55,298317,0.464,0.396,0.305,0.81,149.933,indian,India
67ZZqOrQH4Bshguxw9GPkh,Let's Nacho,Nucleya;Benny Dayal;Badshah,The Badshah of Party Hits,55,215075,0.742,0.947,0.88,0.0906,130.043,indian,India
5arambGXhSW6TZUR9L0tSw,Baatein Kuch Ankahee,Pritam;Adnan Sami,Life In A Metro (Original Motion Picture Soundtrack),55,275413,0.658,0.537,0.231,0.156,121.968,indian,India
7pWAX5kJBULFTDNiH8oB42,Akela Hoon,AMAN,Akela Hoon,55,224600,0.508,0.0901,0.11,0.943,70.198,indian,India
2W6bC4K4e6y42HnYTA5yHO,Nagada Nagada,Pritam;Sonu Nigam;Javed Ali,Jab We Met,55,228469,0.757,0.942,0.728,0.158,120.004,indian,India
2Bn2JQAGZzxe09jFzm1SqJ,Aaja Nachle,Salim–Sulaiman;Sunidhi Chauhan;Piyush Mishra,Aaja Nachle,55,305162,0.771,0.878,0.84,0.417,120.003,indian,India
29NyItj5L18Qn4QlPSeRE3,Waalian (Lofi Mix),Gravero;Happy Pills,Waalian (Lofi Mix),54,187933,0.594,0.636,0.474,0.572,84.908,indian,India
45IVxWsY3y0wLLk77bZWlA,Main Agar,Pritam;Atif Aslam,Tubelight (Original Motion Picture Soundtrack),54,279500,0.589,0.811,0.166,0.473,119.969,indian,India
4hGHgXcTOD8BzJKMz062ZN,Raaz Tera Mera,Akanksha Sethi,Raaz Tera Mera,54,208500,0.307,0.254,0.332,0.845,81.028,indian,India
4BL4aEbddW0OGv6fFYYFUt,Ocean,Anuv Jain,Ocean,54,252630,0.72,0.237,0.606,0.963,125.335,indian,India
4GagsETs7qfR3cwQkRcXgb,Main Kya Karoon,Pritam;Nikhil Paul George,Barfi! (Original Motion Picture Soundtrack),54,270333,0.784,0.454,0.668,0.63,91.013,indian,India
53BDFOlAHccjfoxe06JKpc,Iayyayo,Manikka Vinayagam;Krishnaraj;Yuvan Shankar Raja;Shreya Ghoshal,Paruthiveeran,54,275017,0.759,0.457,0.57,0.549,89.998,indian,India
7JGgKHHDgJCJkQCQxyHHdl,Zara Zara - Lofi,Bombay Jayashri;DJ Aftab,Hindi Slowed Reverb Bollywood Lofi,54,219437,0.608,0.638,0.439,0.581,140.109,indian,India
6RWcPci2JxaRr3HE1OadI3,Tum Hi Ho (Lofi Mix),Coffeekids;Tragedy 999,Tum Hi Ho (Lofi Mix),54,97134,0.61,0.362,0.152,0.161,93.989,indian,India
7eadaD2SBArRbebB9CP70X,Tu Aisa Kaise Hai?,Osho Jain,Tu Aisa Kaise Hai?,54,214821,0.731,0.143,0.452,0.843,111.881,indian,India
3A04b0nJb2nAzGUw2rqDsI,Scam 1992 Theme Music,Achint,Scam 1992 Theme Music,54,86206,0.516,0.486,0.454,0.00411,87.045,indian,India
7wKwX3QFmx3icbH7iKVPe4,Matkar Maya Ko Ahankar,Kabir Cafe,Panchrang,54,365672,0.796,0.517,0.614,0.613,107.475,indian,India
4kXkT9HF9ZfDjuv3LIKcwJ,"Dil Beparvah - The Dewarists, Season 5",Ankur Tewari;Prateek Kuhad;Dhruv Bhola;Nikhil Vasudevan,"Dil Beparvah (The Dewarists, Season 5)",54,250000,0.762,0.391,0.355,0.867,137.956,indian,India
0NwcbjyO9BqBZFjila5t8s,"Dancela Bodha Yethuda (From ""Brahmastra (Tamil)"")",Pritam;Anirudh Ravichander,"Dancela Bodha Yethuda [From ""Brahmastra (Tamil)""]",54,245735,0.654,0.924,0.595,0.0738,136.021,indian,India
4DvAqLQNC0kW3XT2EE69cY,Tum Tak - Lofi Flip,Deepanshu Ruhela;Swattrex;Javed Ali;A.R. Rahman,Tum Tak (Lofi Flip),54,128399,0.696,0.451,0.396,0.174,116.997,indian,India
6SeGCrn4WCKigFotOvSBka,Krishna Theme (Flute),Paras Nath,Oh My God,54,127378,0.517,0.311,0.747,0.985,98.734,indian,India
5F8qO7vr7o8F9UuPDqzzmo,Tose Naina (JZ Lofi Flip),Jitz jz,Tose Naina (JZ Lofi Flip),54,165866,0.636,0.543,0.238,0.0102,139.998,indian,India
22jbgc9BtV1uiV7hKYTyDx,Chaandaniya,Mohan Kannan;Yashita Sharma,2 States,54,247862,0.567,0.546,0.401,0.301,113.806,indian,India
17fhQI9tsFAdd5fPSBBCWu,Jeetega Jeetega Film Version,Pritam;Arijit Singh,83 (Original Motion Picture Soundtrack),54,237142,0.576,0.924,0.461,0.127,126.037,indian,India
2Py3ZHBP8K8BfJQgZUypPi,"Deva Deva (From ""Brahmastra (Telugu)"")",Pritam;Sreerama Chandra;Arijit Singh;Jonita Gandhi,"Deva Deva [From ""Brahmastra (Telugu)""]",54,276964,0.559,0.709,0.417,0.664,112.01,indian,India
6Niy4LfcTcvJJkzfLz5W1B,Touch Me,Pritam;KK;Alisha Chinai;Sameer,Dhoom:2,54,318066,0.788,0.86,0.853,0.264,104.982,indian,India
3edqjLVQrRPLvt9FAYUAsT,Ari Ari,Ritviz;Nucleya,Baaraat,54,167471,0.721,0.676,0.394,0.0052,140.08,indian,India
5tyReDTH3MpN7J5pk2LuGx,Thandi Hawa,Ritviz,Dev,54,203076,0.619,0.558,0.514,0.0558,195.004,indian,India
0edt0Ar7ewLkMqy0jUtSWm,"Bulleya (From ""Ae Dil Hai Mushkil"")",Pritam;Amit Mishra;Shilpa Rao,"Bulleya (From ""Ae Dil Hai Mushkil"")",54,348965,0.552,0.769,0.702,0.497,86.957,indian,India
7EjatvVN2Y2GjpvKSyWJR4,Alvida,Pritam;KK,Life In A Metro (Original Motion Picture Soundtrack),54,338586,0.287,0.654,0.241,0.593,84.015,indian,India
5ww2BF9slyYgNOk37BlC4u,La Bachata,Manuel Turizo,La Bachata,98,162637,0.835,0.679,0.85,0.583,124.98,latin,Latin America
1IHWl5LamUGEuP4ozKQSXZ,Tití Me Preguntó,Bad Bunny,Un Verano Sin Ti,97,243716,0.65,0.715,0.187,0.0993,106.672,latino,Latin America
5Eax0qFko2dh7Rl2lYs3bx,Efecto,Bad Bunny,Un Verano Sin Ti,96,213061,0.801,0.475,0.234,0.141,98.047,latino,Latin America
3k3NWokhRRkEPhCzPmV8TW,Ojitos Lindos,Bad Bunny;Bomba Estéreo,Un Verano Sin Ti,95,258298,0.647,0.686,0.268,0.08,79.928,latin,Latin America
31i56LZnwE6uSu3exoHjtB,Neverita,Bad Bunny,Un Verano Sin Ti,93,173119,0.876,0.498,0.428,0.0706,122.016,latin,Latin America
79HZAZNnOE97rb2hnI0XQr,LOKERA,Rauw Alejandro;Lyanno;Brray,LOKERA,91,195294,0.834,0.828,0.58,0.21,102.019,latin,Latin America
4tYFy8ALRjIZvnvSLw5lxN,Party,Bad Bunny;Rauw Alejandro,Un Verano Sin Ti,90,227628,0.829,0.799,0.471,0.0151,97.013,latino,Latin America
2rurDawMfoKP4uHyb2kJBt,Te Felicito,Shakira;Rauw Alejandro,Te Felicito,90,172235,0.695,0.636,0.575,0.234,174.14,latin,Latin America
0fea68AdmYNygeTGI4RC18,LA CANCIÓN,J Balvin;Bad Bunny,OASIS,88,242573,0.754,0.646,0.429,0.152,176.089,latino,Latin America
5CzixCxDkRXX9mScCmah8O,Un Ratito,Bad Bunny,Un Verano Sin Ti,87,176936,0.787,0.546,0.222,0.305,93.05,latino,Latin America
4gzsuuZypVbxs0Af1LSZyB,Lo Siento BB:/ (with Bad Bunny & Julieta Venegas),Tainy;Bad Bunny;Julieta Venegas,Lo Siento BB:/ (with Bad Bunny & Julieta Venegas),87,207301,0.639,0.703,0.138,0.0889,169.888,latino,Latin America
6VrQTLzzuyGIYjUDe4kAZk,Un Coco,Bad Bunny,Un Verano Sin Ti,87,196412,0.839,0.69,0.744,0.207,151.991,latino,Latin America
4d4ZXH4dr5bYfgErHiZCX2,Dos Mil 16,Bad Bunny,Un Verano Sin Ti,87,208615,0.817,0.67,0.495,0.123,130.058,latino,Latin America
3kUq4sBcmxhnOtNysZ9yrp,Feliz Cumpleaños Ferxxo,Feid,Feliz Cumpleaños Ferxxo,87,156400,0.87,0.55,0.566,0.102,95.019,latino,Latin America
3PpWCS95gDUDRPko3u1MZ9,Prohibidox,Feid,FELIZ CUMPLEAÑOS FERXXO TE PIRATEAMOS EL ÁLBUM,86,166253,0.647,0.801,0.517,0.0451,180.108,latino,Latin America
5fhcuVxuBWfgNXGuyAtLmr,Los Cachos,Piso 21;Manuel Turizo,Los Cachos,85,212304,0.774,0.73,0.421,0.108,91.966,latino,Latin America
0E0DRHf5PfMeor0ZCwB3oT,Otro Atardecer,Bad Bunny;The Marías,Un Verano Sin Ti,85,244444,0.777,0.595,0.546,0.59,108.02,latino,Latin America
28GCbKgjlVD9eDmasGbe0T,Me Fui de Vacaciones,Bad Bunny,Un Verano Sin Ti,85,180929,0.714,0.645,0.434,0.229,85.046,latino,Latin America
2hLXUbsOU9cDb9RFva9FYr,MEMORIAS,Mora;Jhayco,MICRODOSIS,85,228750,0.771,0.707,0.317,0.389,127.963,latino,Latin America
2NMjggapJcXXM7WccGEBUO,Enséñame a Bailar,Bad Bunny,Un Verano Sin Ti,84,176000,0.81,0.789,0.77,0.191,105.009,latino,Latin America
5gflgO9EPbIBf16n5TKnQS,Yo Voy (feat. Daddy Yankee),Zion & Lennox,Motivando a la Yal,84,232019,0.808,0.697,0.554,0.041,95.06,latino,Latin America
3ZFTkvIE7kyPt6Nu3PEa7V,Hips Don't Lie (feat. Wyclef Jean),Shakira;Wyclef Jean,"Oral Fixation, Vol. 2 (Expanded Edition)",84,218093,0.778,0.824,0.758,0.284,100.024,latin,Latin America
2uflssWlCaJ6CbTMOsUpNI,Aguacero,Bad Bunny,Un Verano Sin Ti,84,210989,0.861,0.645,0.668,0.423,121.391,latino,Latin America
0wihfILRNOwE2156Shezc8,Agosto,Bad Bunny,Un Verano Sin Ti,83,139041,0.849,0.584,0.724,0.0929,115.018,latino,Latin America
0UvZcEfpzVyx47QsRbjyBz,El Apagón,Bad Bunny,Un Verano Sin Ti,83,201816,0.629,0.698,0.599,0.0509,117.765,latino,Latin America
6TsVhM8qIkWN5cJVDIVbbz,Besos Moja2,Wisin & Yandel;ROSALÍA,La Última Misión,83,229064,0.736,0.727,0.644,0.0584,94.048,latino,Latin America
7hynhxDoDpgMIV12JuVtNa,UN PESO,J Balvin;Bad Bunny;Marciano Cantero,OASIS,83,277106,0.627,0.675,0.961,0.125,79.31,latino,Latin America
4r9jkMEnArtWGH2rL2FZl0,A Tu Merced,Bad Bunny,YHLQMDLG,83,175918,0.86,0.791,0.887,0.169,92.023,latino,Latin America
02jLfqc9gMo8PkHEGHY3OT,Si Te La Encuentras Por Ahí,Feid,Si Te La Encuentras Por Ahí,83,191573,0.743,0.576,0.455,0.151,171.945,latino,Latin America
4R8BJggjosTswLxtkw8V7P,No Me Conoce - Remix,Jhayco;J Balvin;Bad Bunny,Famouz,82,309120,0.806,0.786,0.58,0.145,91.973,latino,Latin America
228BxWXUYQPJrJYHDLOHkj,Gasolina,Daddy Yankee,Barrio Fino (Bonus Track Version),82,192600,0.852,0.797,0.741,0.322,96.008,latino,Latin America
41wtwzCZkXwpnakmwJ239F,Si Veo a Tu Mamá,Bad Bunny,YHLQMDLG,82,170971,0.9,0.603,0.824,0.402,129.928,latino,Latin America
2XIc1pqjXV3Cr2BQUGNBck,LA NOCHE DE ANOCHE,Bad Bunny;ROSALÍA,EL ÚLTIMO TOUR DEL MUNDO,82,203200,0.856,0.618,0.391,0.0303,81.993,latino,Latin America
2gam98EZKrF9XuOkU13ApN,Promiscuous,Nelly Furtado;Timbaland,Loose,82,242293,0.808,0.97,0.868,0.0569,114.328,latin,Latin America
4SSbtLDkepeOHAckM1FCBP,LOS APARATOS,El Alfa;Noriel;Trueno,LOS APARATOS,82,232843,0.868,0.878,0.899,0.0509,112.987,latino,Latin America
03a359wbiUsjN9h6yzXvmS,She Don't Give a Fo,Duki;KHEA,She Don't Give a Fo,82,209531,0.854,0.556,0.342,0.345,119.938,latino,Latin America
25ZAibhr3bdlMCLmubZDVt,QUE PRETENDES,J Balvin;Bad Bunny,OASIS,81,222346,0.639,0.791,0.939,0.0275,92.603,latino,Latin America
71wFwRo8xGc4lrcyKwsvba,Callaita,Bad Bunny;Tainy,Un Verano Sin Ti,81,250533,0.608,0.626,0.246,0.597,176.086,latino,Latin America
4XqXNU8MwPHwbgZmNXmAdc,Junio,Maluma,Junio,81,168601,0.85,0.756,0.896,0.0999,120.024,latino,Latin America
4HzqWEdAbzcVFDv0pvxV4w,Sobrio,Maluma,Sobrio,81,201180,0.762,0.77,0.631,0.138,177.998,latino,Latin America
7d7aPD2oxuzjhOZnu4Dj23,Mayor Que Usted,Natti Natasha;Daddy Yankee;Wisin & Yandel,Mayor Que Usted,81,233519,0.625,0.839,0.771,0.00762,184.08,latino,Latin America
2IzV2SPZQLadtA46ni3ICq,Berlin,Zion & Lennox;Maria Becerra,Berlin,81,246061,0.796,0.766,0.846,0.18,121.008,latino,Latin America
4wH4dJgrsxONID6KS2tDQM,Maneater,Nelly Furtado,Loose,80,258893,0.796,0.777,0.787,0.0261,132.722,latin,Latin America
6ifUES3keWjwXgae8pXI3o,Me Rehúso,Danny Ocean,54+1,80,205714,0.744,0.804,0.426,0.0231,104.823,latino,Latin America
6habFhsOp2NvshLv26DqMb,Despacito,Luis Fonsi;Daddy Yankee,VIDA,80,229360,0.655,0.797,0.839,0.198,177.928,latin,Latin America
4HYDUMY0xSpeBr0AMY9cUz,La Curiosidad,Jay Wheeler;DJ Nelson;Myke Towers,Platonicos,80,219048,0.845,0.677,0.68,0.269,90.013,latino,Latin America
77l75UICfUZK5k0G7WRGqg,Traductor,Tiago PZK;Myke Towers,Traductor,80,222857,0.845,0.776,0.528,0.111,105.018,latino,Latin America
3SlKme42qm1vWrkl3BrZmm,Nos Comemos Vivos,Maluma;Chencho Corleone,Nos Comemos Vivos,80,225365,0.822,0.719,0.659,0.165,82.01,latino,Latin America
6JUMswocQ7Hp46kj9kyljT,XQ Te Pones Así,Feid;Yandel,FELIZ CUMPLEAÑOS FERXXO TE PIRATEAMOS EL ÁLBUM,79,218693,0.812,0.697,0.477,0.134,92.03,latino,Latin America
0SqqAgdovOE24BzxIClpjw,Yo Perreo Sola,Bad Bunny,YHLQMDLG,79,172127,0.86,0.758,0.453,0.021,97.014,latino,Latin America
116H0KvKr2Zl4RPuVBruDO,MIA (feat. Drake),Bad Bunny;Drake,MIA (feat. Drake),79,210367,0.817,0.539,0.158,0.0141,97.062,latin,Latin America
5w9c2J52mkdntKOmRLeM2m,Con Calma,Daddy Yankee;Snow,Con Calma,79,193226,0.737,0.86,0.656,0.11,93.989,latin,Latin America
4QtiVmuA88tPQiCOHZuQ5b,"1, 2, 3 (feat. Jason Derulo & De La Ghetto)",Sofía Reyes;Jason Derulo;De La Ghetto,"1, 2, 3 (feat. Jason Derulo & De La Ghetto)",79,201526,0.792,0.895,0.794,0.165,94.968,latin,Latin America
2Cd9iWfcOpGDHLz6tVA3G4,Waka Waka (This Time for Africa) [The Official 2010 FIFA World Cup (TM) Song] (feat. Freshlyground),Shakira;Freshlyground,Waka Waka (This Time for Africa) [The Official 2010 FIFA World Cup (TM) Song] (feat. Freshlyground),79,202626,0.766,0.873,0.743,0.00627,126.988,latin,Latin America
3XjN0mvFkQp1FMVM9Ro5hm,RUMBATÓN,Daddy Yankee,LEGENDADDY,79,248768,0.685,0.909,0.922,0.0471,95.004,latino,Latin America
0gCPvo1GkbtPhMqg5Gbx1K,Vuelve,Daddy Yankee;Bad Bunny,Vuelve,79,279613,0.734,0.531,0.199,0.196,130.024,latino,Latin America
2aI21FnmY7TJVKeMaoQZ0t,Say It Right,Nelly Furtado,Loose,79,223080,0.872,0.872,0.809,0.0476,116.948,latin,Latin America
3DmW6y7wTEYHJZlLo1r6XJ,Shower,Becky G,Shower,78,206166,0.699,0.529,0.121,0.0317,119.987,latin,Latin America
5q2JbCNi4FcnglgPfxcV65,Sola (Remix),Anuel AA;Daddy Yankee;Zion & Lennox;Farruko;Wisin,Sola (Remix),78,307910,0.639,0.869,0.767,0.27,169.801,latino,Latin America
3JCaq3KDSROg3TXhdiDa9n,Ley Seca,Jhayco;Anuel AA,Timelezz,77,263253,0.759,0.842,0.584,0.101,105.059,latino,Latin America
0TkIQ2I48rz4kpk1XpfyHq,Mi Luz (ft. Rels B),Rvfv;Rels B,NASTU,77,168000,0.705,0.526,0.671,0.509,200.031,latino,Latin America
6D2TCm4nf5nxAcdGJ7w3QP,Qué Más Pues?,J Balvin;Maria Becerra,JOSE,77,217360,0.903,0.817,0.732,0.0272,102.014,latino,Latin America
6x4tKaOzfNJpEJHySoiJcs,Mambo No. 5 (a Little Bit of...),Lou Bega,A Little Bit of Mambo,77,220293,0.622,0.807,0.892,0.103,174.06,latin,Latin America
2mzDRrBn6M6rWX4bGzd1uQ,Feliz,Chimbala,Feliz,77,177240,0.848,0.852,0.956,0.373,129.995,latino,Latin America
1yoMvmasuxZfqHEipJhRbp,Hawái,Maluma,PAPI JUANCHO,77,199112,0.783,0.727,0.558,0.185,180.067,latino,Latin America
2ksOAxtIxY8yElEWw8RhgK,China,Anuel AA;Daddy Yankee;KAROL G;J Balvin;Ozuna,China,76,301714,0.786,0.808,0.609,0.0846,105.027,latino,Latin America
3f5lA8nnc4YYF1qf78WpHw,Ella Quiere Beber - Remix,Anuel AA;Romeo Santos,Ella Quiere Beber (Remix),76,219357,0.75,0.665,0.697,0.265,95.239,latino,Latin America
7kN7u1ZDOrNBKcEEGwGeDY,Suelta,Jay Wheeler;Mora,Suelta,76,243934,0.859,0.553,0.338,0.628,122.048,latino,Latin America
6PDlkWmrq2ZKiUuFt2aQsH,Loco,Justin Quiles;Chimbala;Zion & Lennox,Loco,76,231603,0.77,0.899,0.851,0.222,128.05,latino,Latin America
6mICuAdrwEjh6Y6lroV2Kg,Chantaje (feat. Maluma),Shakira;Maluma,El Dorado,76,195840,0.852,0.773,0.907,0.187,102.034,latin,Latin America
1zsPaEkglFvxjAhrM8yhpr,Hey Mor,Ozuna;Feid,OzuTochi,76,196600,0.901,0.589,0.399,0.00302,98.002,latino,Latin America
7mWFF4gPADjTQjC97CgFVt,Baila Baila Baila - Remix,Ozuna;Daddy Yankee;J Balvin;Farruko;Anuel AA,"Baila Baila Baila (Remix) [feat. Farruko, Anuel Aa]",76,235284,0.785,0.572,0.49,0.0598,100.016,latino,Latin America
35UUpTmrcFXNIVIN26ujXl,Relación - Remix,Sech;Daddy Yankee;J Balvin;ROSALÍA;Farruko,Relación (Remix),76,247308,0.793,0.771,0.835,0.0337,171.943,latino,Latin America
6stWVqWxtPPednHy1mzoOz,Tigini (Remix),Rvfv;Kikimoteleba,Tigini (Remix),76,175555,0.782,0.655,0.662,0.377,135.018,latino,Latin America
2FqoR7diymD1Eh7cVb3DMg,Algo Me Gusta De Ti,Wisin & Yandel;Chris Brown;T-Pain,Líderes,76,274946,0.627,0.768,0.237,0.00291,127.953,latino,Latin America
5y7DaS3jAc9eZzcSOoUIwU,Una Locura,Ozuna;J Balvin;Chencho Corleone,Enoc,76,230693,0.714,0.761,0.906,0.139,168.022,latino,Latin America
3VvA1wSxukMLsvXoXtlwWx,Hecha Pa' Mi,Boza,Más Negro Que Rojo,75,186133,0.725,0.756,0.828,0.362,100.07,latino,Latin America
4IsO1J5LSrVwkQOIEdZ417,Sin Novia,Nicky Jam,Sin Novia,75,188411,0.747,0.752,0.512,0.116,106.97,latino,Latin America
1mSviQV9iQnGSRyvTIuxAj,Problemón,Alvaro Diaz;Rauw Alejandro,Felicilandia,75,192613,0.706,0.739,0.371,0.266,91.906,latino,Latin America
3pDhN3qB33AOPhQEkUCaWt,Limbo,Daddy Yankee,Prestige,75,224693,0.806,0.875,0.917,0.0838,125.063,latino,Latin America
6Za3190Sbw39BBC77WSS1C,Criminal,Natti Natasha;Ozuna,Criminal,75,232549,0.814,0.813,0.839,0.03,79.997,latino,Latin America
63aj87TQG6F3RVO5nbG2VQ,In Da Getto,J Balvin;Skrillex,In Da Getto,75,131065,0.915,0.72,0.631,0.025,126.986,latino,Latin America
6N7LquYjc3c53qr4PSJbi5,Noche de Novela (feat. Ed Sheeran),Paulo Londra;Ed Sheeran,Noche de Novela (feat. Ed Sheeran),75,191896,0.522,0.585,0.411,0.00208,97.99,latino,Latin America
1m69ELEgE6k5ZWsap40ozt,Se Preparó,Ozuna,Odisea,75,188080,0.739,0.821,0.693,0.222,171.077,latino,Latin America
2Sh4sAOfnSHEVKFyysxzat,Can't Remember to Forget You (feat. Rihanna),Shakira;Rihanna,Shakira. (Expanded Edition),75,206866,0.694,0.81,0.824,0.122,137.968,latin,Latin America
2lnzGkdtDj5mtlcOW2yRtG,"Whenever, Wherever",Shakira,Laundry Service,75,196160,0.794,0.832,0.871,0.237,107.657,latin,Latin America
5W83ErFkO3aKAIS1WMi6u0,Secreto,Anuel AA;KAROL G,Secreto,75,258800,0.807,0.803,0.706,0.602,91.987,latino,Latin America
0EhpEsp4L0oRGM0vmeaN5e,UN DIA (ONE DAY) (Feat. Tainy),J Balvin;Dua Lipa;Bad Bunny;Tainy,UN DIA (ONE DAY) (Feat. Tainy),75,232253,0.571,0.693,0.393,0.00536,168.169,latino,Latin America
4t9a07PAghtQMRAIP9FQ7Z,Soltera - Remix,Lunay;Daddy Yankee;Bad Bunny,Épico,75,266086,0.795,0.783,0.799,0.361,92.01,latino,Latin America
7KbF6AdprOXEEHlsq11Z6d,11 PM,Maluma,11:11,75,175733,0.777,0.712,0.68,0.217,95.692,latino,Latin America
7qCAVkHWZkF44OzOUKf8Cr,El Perdón (with Enrique Iglesias),Nicky Jam;Enrique Iglesias,Fénix,74,205906,0.628,0.69,0.66,0.443,179.908,latin,Latin America
0Ph6L4l8dYUuXFmb71Ajnd,Livin' la Vida Loca,Ricky Martin,Ricky Martin,74,243160,0.425,0.954,0.933,0.00414,178.043,latin,Latin America
1RouRzlg8OKFeqc6LvdxmB,Felices los 4,Maluma,F.A.M.E.,74,230000,0.766,0.756,0.716,0.213,94.027,latino,Latin America
5YUyW9opqNsMSEzzecZih1,X,Nicky Jam;J Balvin,Intimo,74,172854,0.594,0.749,0.694,0.0338,179.968,latino,Latin America
1c2vVx6knoiZHXbJJ9Mk8L,AEIOU,Justin Quiles;Robin Schulz,AEIOU,74,161880,0.689,0.856,0.706,0.0493,126.108,latino,Latin America
6DXLO8LndZMVOHM0wNbpzg,Danza Kuduro,Don Omar;Lucenzo,Meet The Orphans,74,198786,0.699,0.917,0.889,0.078,130.04,latino,Latin America
48zFZh27QU5qsrBjn4C2FA,Vaina Loca,Ozuna;Manuel Turizo,Aura,74,176133,0.754,0.805,0.555,0.315,93.982,latino,Latin America
2cXeLEN1eguDzERP5csBUs,La Curiosidad (feat. Myke Towers) - Mixed,Jay Wheeler;DJ Nelson;Myke Towers,Platónicos Mix (DJ Mix),74,93652,0.809,0.752,0.858,0.114,92.14,latino,Latin America
4FjkjrvfbB3C4eUqWlw3vB,Mami,Rvfv;Pablo Mas,NASTU,74,168367,0.707,0.572,0.456,0.497,98.003,latino,Latin America
5iwz1NiezX7WWjnCgY5TH4,Calma - Remix,Pedro Capó;Farruko,Calma (Remix),74,238200,0.826,0.773,0.761,0.323,126.899,latin,Latin America
23WI5V2eD4EyGKxSl7Pyeq,Andas En Mi Cabeza,Chino & Nacho;Daddy Yankee,Andas En Mi Cabeza,74,247493,0.671,0.954,0.556,0.0244,104.114,latino,Latin America
4CMrdHWqic0usIZfTrKoI3,Easy,DaniLeigh;Chris Brown,Easy (Remix),73,186586,0.799,0.301,0.511,0.195,100.026,latin,Latin America
0mlAOSILGRys2IbvyOT5VJ,Échame La Culpa,Luis Fonsi;Demi Lovato,VIDA,73,173800,0.733,0.897,0.649,0.0391,96.006,latin,Latin America
2CGhzWArXQZG86V1Ztv4Q2,Mañana,Ozuna,OzuTochi,73,192320,0.865,0.522,0.692,0.105,91.015,latin,Latin America
0GzuHFG4Ql6DoyxFRnIk3F,Hawái - Remix,Maluma;The Weeknd,Hawái (Remix),72,200481,0.766,0.788,0.609,0.105,179.984,latino,Latin America
6KuqAtoeVzxAYOaMveLNpH,Dura,Daddy Yankee,Dura,72,200480,0.783,0.84,0.839,0.174,95.001,latino,Latin America
7COfe3P7KgfwDwIRB8LIDw,Mi Gente,J Balvin;Willy William,Vibras,72,185040,0.548,0.704,0.288,0.0168,104.666,latino,Latin America
5A1vGSsqw0UQCBxHOyPOjG,Prende la Cámara RMX,FMK;Tiago PZK;Mau y Ricky,Prende la Cámara RMX,72,212629,0.764,0.711,0.798,0.112,91.938,latino,Latin America
6rPO02ozF3bM7NnOV4h6s2,Despacito - Remix,Luis Fonsi;Daddy Yankee;Justin Bieber,Despacito Feat. Justin Bieber (Remix),72,228826,0.653,0.816,0.816,0.228,178.085,latin,Latin America
2gdBsRfuWGwJwe3X5XwZuI,La Copa,Ozuna,La Copa,72,154628,0.913,0.803,0.947,0.116,126.016,latino,Latin America
5Fim1gaXBgsiFfsQAfQSDS,Hasta el Amanecer,Nicky Jam,Fénix,71,198706,0.832,0.608,0.589,0.282,94.013,latino,Latin America
0FDMH2ahuIVzCybwHJK9zh,Quiere Beber,Anuel AA,Real Hasta la Muerte,71,187125,0.773,0.57,0.772,0.372,95.038,latino,Latin America
0JAZWvvqttGFm4UMDsPQXC,Despeinada,Ozuna;Camilo,Enoc,70,224186,0.734,0.775,0.72,0.186,166.039,latino,Latin America
0KkIkfsLEJbrcIhYsCL7L5,China,Anuel AA;Daddy Yankee;KAROL G;Ozuna;J Balvin,Emmanuel,70,301714,0.786,0.808,0.608,0.0846,105.029,latino,Latin America
6MJUCumnQsQEKbCy28tbCP,Adictiva,Daddy Yankee;Anuel AA,Adictiva,70,207853,0.788,0.771,0.701,0.291,99.038,latino,Latin America
5PXsZaT8cOxb4mXrA20PMQ,Baila Baila Baila,Ozuna,Nibiru,70,158760,0.837,0.626,0.592,0.0588,99.987,latino,Latin America
4BxzNZpcm1j3JczZzGNe2k,Bandoleros,Don Omar;Tego Calderón,The Fast And The Furious: Tokyo Drift (Original Motion Picture Soundtrack),70,305280,0.662,0.896,0.79,0.318,90.622,latino,Latin America
2C2TGgFzrTRIOdQS1vUN5h,Ginza,J Balvin,Energía,70,171093,0.73,0.809,0.825,0.208,101.965,latino,Latin America
3iWOZkQNDekZQqkiJqqeGy,Say It Right - Sped Up Remix,Nelly Furtado;Speed Radio,Say It Right (Sped Up Remix),70,194160,0.849,0.941,0.765,0.0269,134.479,latin,Latin America
1N3dZ7TTWO6VcD4Y3hHYLZ,Try Everything,Shakira,Zootopia (Original Motion Picture Soundtrack),70,196853,0.705,0.609,0.476,0.0257,115.474,latin,Latin America
7nKBxz47S9SD79N086fuhn,SUBEME LA RADIO (feat. Descemer Bueno & Zion & Lennox),Enrique Iglesias;Descemer Bueno;Zion & Lennox,SUBEME LA RADIO (feat. Descemer Bueno & Zion & Lennox),70,207680,0.688,0.822,0.66,0.0642,91.011,latin,Latin America
1PAgmT6YqGhd6zT9kN9gIo,Hero,Enrique Iglesias,Escape,70,264240,0.346,0.641,0.159,0.136,77.281,latin,Latin America
4FvJysAX0y4TfHE9CIprrx,K alegría,DELLAFUENTE;Rvfv,K alegría,70,159215,0.777,0.787,0.88,0.104,110.02,latino,Latin America
5cepAtqnEQ6yVG6088zMMu,Corazón (feat. Nego do Borel),Maluma;Nego do Borel,F.A.M.E.,69,184720,0.722,0.738,0.748,0.328,198.075,latino,Latin America
7CtbxAGq2P0jtYh6SH9DMR,Agua (with J Balvin),Tainy;J Balvin,The SpongeBob Movie: Sponge On The Run (Original Motion Picture Soundtrack),69,159665,0.778,0.651,0.569,0.167,100.094,latino,Latin America
6RyaV7owmVU6fzEPE17sF1,Que Tire Pa Lante,Daddy Yankee,Que Tire Pa Lante,69,210520,0.658,0.901,0.708,0.0478,93.979,latino,Latin America
6zEgnpM0qYmHLDnh8WPejL,Amarillo,J Balvin,Colores,69,157733,0.641,0.857,0.961,0.013,122.728,latino,Latin America
3umS4y3uQDkqekNjVpiRUs,El Amante,Nicky Jam,Fénix,69,219506,0.683,0.691,0.732,0.243,179.91,latino,Latin America
6Ges5C2IE738iJh4HyQizQ,Ay Vamos,J Balvin,La Familia B Sides,69,226413,0.718,0.711,0.92,0.157,173.916,latino,Latin America
6U2NuJILEOEpW2tVCuqKHb,Dura - Remix,Daddy Yankee;Natti Natasha;Becky G;Bad Bunny,Dura (Remix),68,242160,0.772,0.803,0.853,0.188,94.981,latino,Latin America
6JjPBQfI2Y8nIjnm65X6Pw,X (feat. Maluma & Ozuna) - Remix,Nicky Jam;J Balvin;Maluma;Ozuna,X (feat. Maluma & Ozuna) [Remix],68,235746,0.663,0.696,0.738,0.0561,180.113,latino,Latin America
42FWqCxAw5aG1FvjyVjIlH,Te Boté,Darell;Casper Magico;Nio Garcia;Nicky Jam;Ozuna;Bad Bunny,Te Boté (Clean Version),68,275693,0.918,0.602,0.158,0.401,96.518,latino,Latin America
4VgYtXCVJ7IbWAZ5ryfvEQ,Muévelo,Nicky Jam;Daddy Yankee,Muévelo,68,194892,0.594,0.808,0.919,0.415,188.09,latino,Latin America
0A37XY67wSdGqkGjtfW6aV,Fantasias - Remix,Rauw Alejandro;Anuel AA;Natti Natasha;Farruko;Lunay,Fantasias (Remix) [feat. Farruko & Lunay],67,267241,0.816,0.72,0.78,0.206,94.004,latino,Latin America
66x45Yh9x397PWpxMX0ZDT,UN DIA (ONE DAY),J Balvin;Dua Lipa;Bad Bunny;Tainy,JOSE,67,232146,0.58,0.695,0.402,0.00638,168.124,latino,Latin America
33zcmmElV1YbRZe57biUjg,Celoso,Lele Pons,Celoso,67,179693,0.746,0.703,0.667,0.352,166.043,latin,Latin America
4tPL9PeVZY4c0jUPtSD5nx,Picky,Joey Montana,Picky Back To The Roots,66,182746,0.783,0.748,0.806,0.147,93.222,latino,Latin America
2D3z17LBMJ2HEHeBFFjTLi,Reggaeton,J Balvin,Reggaeton,66,158800,0.747,0.74,0.552,0.0165,176.059,latino,Latin America
7F7kL3i6SDEIbDcoJZGiig,Sígueme Y Te Sigo,Daddy Yankee,Sígueme Y Te Sigo,66,209786,0.736,0.878,0.663,0.069,100.025,latino,Latin America
62o8KoI44JfN7aYxgTnPvh,Mala Mía,Maluma,Mala Mía,66,183752,0.749,0.752,0.901,0.31,180.049,latino,Latin America
774Vy9sPhpePjj0B7WHaG2,Prrrum,Cosculluela,El Príncipe [Ghost Edition],66,238564,0.832,0.74,0.714,0.101,90.045,latino,Latin America
2snbAel9GoxA6i6iH0Wvw9,Te Pienso,Ozuna,OzuTochi,66,147760,0.668,0.533,0.676,0.117,163.733,latin,Latin America
58gqyeFXhOttZW3yetJGPN,Reggaetón Lento (Remix),CNCO;Little Mix,CNCO,66,188800,0.534,0.911,0.624,0.15,93.767,latin,Latin America
2CdTLdDjwZdVcm0bresVWx,Otra Noche Sin Ti,J Balvin;Khalid,Otra Noche Sin Ti,66,228920,0.503,0.548,0.441,0.0751,94.036,latino,Latin America
3gE4eQH3K83Sght0ZLvuBK,MIA,Bad Bunny;Drake,X 100PRE,65,210367,0.816,0.538,0.156,0.0142,97.054,latino,Latin America
2xcHJ5YpRL7wgSfsBnIktB,Zumba,Don Omar,Don Omar Presents MTO2: New Generation,65,263973,0.718,0.892,0.828,0.00175,124.98,latino,Latin America
2GPCE96x9Go6acdDt8ex6p,Un Día (One Day),J Balvin;Dua Lipa;Bad Bunny;Tainy,Future Nostalgia (The Moonlight Edition),65,231815,0.572,0.634,0.432,0.00547,168.136,latino,Latin America
7gcMKL3lnDxsp4bIXyv6Zk,Shaky Shaky,Daddy Yankee,Shaky Shaky,65,234320,0.899,0.626,0.873,0.076,88.007,latino,Latin America
2sZzEKY3DxpY8V87SuYoU2,Favorita,Ozuna,OzuTochi,64,208133,0.783,0.489,0.732,0.141,170.003,latino,Latin America
4au7FRcgZzChASRYu279xH,Con Calma - Remix,Daddy Yankee;Katy Perry;Snow,Con Calma (Remix),64,181280,0.736,0.868,0.613,0.166,94.026,latin,Latin America
1DoK3CdipMjplLk5LXUdcp,Mi Gente (feat. Beyoncé),J Balvin;Willy William;Beyoncé,Mi Gente (feat. Beyoncé),64,209733,0.759,0.716,0.469,0.0223,105.021,latino,Latin America
7HacCTm33hZYYN8DXpCYuG,I Like It,Enrique Iglesias;Pitbull,Euphoria,64,231373,0.648,0.942,0.73,0.021,129.007,latin,Latin America
139nCjBRQCLgnWNRxBKAC7,Arhbo [Music from the FIFA World Cup Qatar 2022 Official Soundtrack],Ozuna;GIMS;RedOne;FIFA Sound,Arhbo [Music from the FIFA World Cup Qatar 2022 Official Soundtrack],63,219831,0.675,0.888,0.526,0.12,119.018,latino,Latin America
2AuWgceaQyfMoI3EGavwGb,No Me Ame,Rvssian;Anuel AA;Juice WRLD,No Me Ame,63,180000,0.68,0.766,0.28,0.0411,160.095,latino,Latin America
4ZlHgEGwZb3PCq0OWFbhcO,Kotodama,Ozuna,OzuTochi,63,188533,0.884,0.694,0.597,0.156,93.025,latin,Latin America
07oas8KpAMIkwuetf81Zen,El Cel,Ozuna;Chencho Corleone;Arcangel;J Balvin;Randy,OzuTochi,63,287813,0.521,0.799,0.945,0.0796,165.908,latin,Latin America
1TRnIxwWeJoE6MVimzjw2w,4:22,Ozuna;Danny Ocean,OzuTochi,63,193360,0.771,0.727,0.649,0.0205,104.035,latin,Latin America
5PgBTczNS4lpNmHVaPPqoU,Días y Meses,Ozuna,OzuTochi,62,192320,0.842,0.579,0.7,0.119,95.005,latin,Latin America
1IavuiWnbbts36JWozObGE,Un Reel,Ozuna;TINI,Un Reel,62,203840,0.715,0.744,0.746,0.233,163.005,latino,Latin America
52AHKfP6qQ3feLjPCDTiRI,Mar Chiquita,Ozuna;Pedro Capó,OzuTochi,62,204413,0.713,0.76,0.668,0.304,98.015,latin,Latin America
2A17TySL9lcoRTA28w9yfB,La La La (Brazil 2014) (feat. Carlinhos Brown),Shakira;Carlinhos Brown,"The 2014 FIFA World Cup Official Album: One Love, One Rhythm",62,197680,0.783,0.806,0.576,0.179,127.98,latin,Latin America
7CUYHcu0RnbOnMz4RuN07w,Despacito (Featuring Daddy Yankee),Luis Fonsi;Daddy Yankee,Despacito (Featuring Daddy Yankee),61,228200,0.659,0.802,0.863,0.208,177.936,latin,Latin America
7Hr9ke37qeKfCajWSZ4iet,La Suzi,Ozuna;Nesi,OzuTochi,61,155933,0.541,0.544,0.456,0.28,98.015,latino,Latin America
7qUv2Tq895aJc6g4O1F6Zs,Vida,Ozuna,OzuTochi,61,152626,0.728,0.577,0.318,0.0502,169.988,latino,Latin America
3pjW5482iWgJVqQOpu4AG9,El Doctorado,Tony Dize,El Doctorado,60,263187,0.721,0.773,0.75,0.053,120.007,latino,Latin America
4anDsZBavxjw3Ktw6ICGYd,Escape,Enrique Iglesias,Escape,59,208626,0.776,0.844,0.868,0.0277,125.972,latin,Latin America
5Os2tLxqWCi3FexbWdWDAm,Te Marchaste,Ozuna,OzuTochi,59,240026,0.738,0.67,0.475,0.487,90.004,latino,Latin America
4PlkeOWaeaS9e0R2DvZUgc,Perreo y Dembow,Ozuna;El Cherry Scom,OzuTochi,58,162026,0.913,0.722,0.545,0.0171,110.015,latin,Latin America
5pvy8p5jyXqr6bjzQRDPjm,Somos Iguales,Ozuna;Tokischa;Louchie Lou;Michie One,OzuTochi,58,172413,0.836,0.64,0.435,0.0301,97.013,latino,Latin America
4u4EnZpoThBaxVRLMHyVOA,Cielos Rosado,Ozuna,OzuTochi,58,182840,0.86,0.72,0.23,0.0234,120.0,latino,Latin America
4riu4aBQtqszCfyX2dbF7d,Yo Voy,Zion & Lennox;Daddy Yankee,Motivando a la Yal Special Edition,56,231840,0.793,0.747,0.57,0.0694,95.036,latino,Latin America
0ctucPlIsYbNGeQuZUAQFe,Querida,Juan Gabriel;Juanes,Los Dúo - Colección Completa (Vol. 1 + Vol. 2),56,295266,0.427,0.586,0.509,0.324,178.058,latin,Latin America
6GREIx79VAYuT0DYDGTIJh,Heartbeat,Enrique Iglesias;Nicole Scherzinger,Euphoria,56,256226,0.567,0.888,0.41,0.0228,129.962,latin,Latin America
2YVn2wkwLYSVkSV6qgKIPg,Jarabe - Remastered,Kevin Martes 13,Inmortal,55,142814,0.666,0.828,0.69,0.0463,97.992,latin,Latin America
2WOg6FT27iLtN8wetk69nP,Dirty Dancer,Enrique Iglesias;Usher,Euphoria,55,214453,0.651,0.939,0.733,0.00604,133.05,latin,Latin America
23YaKmzWDeP2wagOfz2mUY,"Gasolina (with Pitbull, Lil Jon, Noriega, Dj Buddha) - Dj Buddha Remix",Daddy Yankee;Pitbull;Lil Jon;Noriega;DJ Buddha,"Reggaeton! (18 Latin Hits, The Very Best of Reggaeton, Dembow, Urban)",55,283040,0.714,0.817,0.637,0.0435,96.021,latino,Latin America
4MloswMM3eu7dHZ7MOzW3i,Do You Know? (The Ping Pong Song),Enrique Iglesias,Insomniac (New International Version Spanish),55,218053,0.755,0.765,0.691,0.0503,114.993,latin,Latin America
637bsehtpL2oJruOEL6lZ7,Bailando - Spanish Version,Enrique Iglesias;Descemer Bueno;Gente De Zona,SEX AND LOVE (Deluxe),55,243413,0.723,0.777,0.961,0.0426,91.017,latin,Latin America
4sZ7ET95FXAwUITNwh60bj,Fuerte No Soy,Intocable,14 Grandes Exitos,54,267533,0.66,0.441,0.449,0.152,125.663,latin,Latin America
1ABzvnkHLpLaIN7VlB00LJ,Soun Tha Mi Primer Amor - Remastered,Kinky,Kinky (Remastered),54,191000,0.83,0.838,0.829,0.0805,104.418,latino,Latin America
2wQBzAZdsaqDBbtwBk5MhA,PAPI (feat. Babywine & Alberto Stylee),DJ Nelson;Jose De Las Heras;Alejandro Armes;Babywine;Alberto Stylee,PAPI (feat. Babywine & Alberto Stylee),54,187092,0.909,0.716,0.417,0.359,105.078,latino,Latin America
7w1RxkQtEwKYEoyQuaxfXW,Mi Gente - Hugel Remix,J Balvin;Willy William;HUGEL,Mi Gente (Hugel Remix),53,208773,0.948,0.673,0.785,0.0555,119.974,latino,Latin America
11TQiyteH2AdJKhxraxEKB,Roma (Lrdp Maqueta),Sabino,Genaro Presenta: Este No Es el Disco,53,206762,0.732,0.686,0.877,0.7,92.104,latin,Latin America
1YnRzw2S56QR16zhKZJMiv,Why Not Me?,Enrique Iglesias,Euphoria,53,219360,0.715,0.534,0.341,0.496,99.007,latin,Latin America
4TRV1GJuTP8bUs3lhe50r2,Hikaru Nara (Shigatsu Wa Kimi No Uso) [feat. Animelmack],Berioska;Animelmack,Hikaru Nara (Shigatsu Wa Kimi No Uso) [feat. Animelmack],52,251821,0.512,0.738,0.791,0.576,159.95,latino,Latin America
1mOhRdYfCMLbyzrQPPcGMG,Añejo W,Los Caligaris,No Es Lo Que Parece,52,303878,0.676,0.892,0.829,0.326,142.046,latin,Latin America
7LyHLyC6mKKnSALH9QjWQZ,Me Llamas,Jairo Vera,Pa K Te Enamore,52,211337,0.717,0.521,0.202,0.022,99.986,latino,Latin America
4vpXjguMioKefak80ytICn,12:30,Jairo Vera,12:30,51,170571,0.802,0.771,0.794,0.00799,91.993,latino,Latin America
7hOfyNuj2dLc0HAEYVDIYS,El Perdón - Forgiveness,Nicky Jam;Enrique Iglesias,Fénix,51,206666,0.736,0.719,0.656,0.256,90.013,latino,Latin America
6S18su3fmCpLzBsJCQWovx,Somebody's Me,Enrique Iglesias,Insomniac (New International Version Spanish),51,238466,0.625,0.55,0.353,0.301,83.007,latin,Latin America
3rNe2VTczeYzTi6BT3dwKT,Dile,Don Omar,Guayar Pegao,51,206986,0.822,0.744,0.747,0.173,94.04,latin,Latin America
79R98MwYRcQZdAzjjzUbiX,Tonight (I'm Lovin' You),Enrique Iglesias;Ludacris;DJ Frank E,Euphoria,51,231293,0.651,0.884,0.285,0.0242,125.941,latin,Latin America
1IEiQRYKkP0J4BMZKHVVKO,It's Your Birthday,Andreea D,It's Your Birthday,51,210878,0.812,0.877,0.845,0.0577,128.078,latino,Latin America
6sLjhkPpWeysV55XaaYE7e,Solos - Remix,Tony Dize;Plan B;Don Omar,Perreo De Halloween Vol. 2,50,224266,0.738,0.702,0.961,0.611,167.978,latino,Latin America
2Ekzdvq7VEmWMDkxrYwKX7,Quieres Volver,Jairo Vera;Bayriton;Ignacio Green Clown;Paolo Ronaldo,Quieres Volver,50,242764,0.825,0.625,0.86,0.0202,105.053,latino,Latin America
1BscZ2HLq6kgQwBmRmO8mq,Su Corte,Kevin Martes 13,Su Corte,50,232542,0.701,0.748,0.787,0.0768,91.986,latino,Latin America
3MWGKFL4mRTeaksWhbEngH,Dime Si Te Vas Con Él,Flex;Mr. Saik,Perreo de Ayer,49,235671,0.786,0.824,0.62,0.255,95.984,latino,Latin America
50ITehqoAuygfVlmG6FxO8,Fixona,Harry Nach,Fixona,49,168064,0.869,0.76,0.872,0.432,92.981,latino,Latin America
6BcMcVax12vNuOqnPOayZ1,Bailando - English Version,Enrique Iglesias;Sean Paul;Descemer Bueno;Gente De Zona,S** AND LOVE,49,243240,0.719,0.844,0.941,0.0793,90.951,latin,Latin America
2UfWdCjM4AdD0tFWvbaQCi,Por Amor Nunca Se Ruega,Simon la Letra,Por Amor Nunca Se Ruega,48,178678,0.661,0.795,0.938,0.467,179.96,latino,Latin America
6jdJcoVXmjpOCZbBS4fVSn,A la Rorro Niño,Chiquitines TV,"Chiquitinestv, Vol. 2",48,99000,0.671,0.19,0.589,0.98,80.013,latino,Latin America
1XlpaijGmAY0pWe16oucrC,Hey Ma (with J Balvin & Pitbull feat. Camila Cabello),J Balvin;Pitbull;Camila Cabello,Hey Ma (with J Balvin & Pitbull feat. Camila Cabello),47,195040,0.713,0.952,0.571,0.0203,105.981,latino,Latin America
5Lub3JBkk9adIl7J6jLk6J,Se Trepa,Jairo Vera,Pa K Te Enamore,47,161737,0.738,0.721,0.377,0.00963,91.98,latino,Latin America
5JiRNiFW0qVuN3TkbpRnyJ,Mi Mamá Me Lo Teje Todo - Lino y Lana,31 Minutos,Arwrarwrirwrarwro (Banda Sonora Original de la Cuarta Temporada),46,238679,0.535,0.799,0.537,0.221,114.986,latino,Latin America
2GICtNjlmq5w1XIQ9s0D9y,With You Tonight (Hasta El Amanecer),Nicky Jam,Fénix,46,208973,0.781,0.588,0.564,0.317,93.979,latino,Latin America
05y79YGqS94EQe0v29lHIo,Soñando - Remastered,Kevin Martes 13,Inmortal,46,272000,0.756,0.713,0.745,0.095,180.02,latino,Latin America
2mkyXUPD2ndw3hf8Gk6gFP,Mañana Que Ya No Estés,Huichol Musical,Mañana Que Ya No Estés,45,201770,0.736,0.495,0.846,0.156,168.023,latino,Latin America
7lRp0mTu0oAaN3avFuouoQ,X - Spanglish Version,Nicky Jam;J Balvin,X (Spanglish Version),45,172128,0.658,0.721,0.677,0.00217,180.033,latino,Latin America
0iuRYmJA5Oy6GF3wpibS27,Ponte Ahi,Casa De Leones,Casa De Leones,45,304066,0.821,0.864,0.776,0.613,98.02,latino,Latin America
4ZVixZtN0pa9cXednIjrSI,Real,Justin Quiles;Dalex;Konshens,Real,45,227477,0.754,0.827,0.67,0.0689,111.957,latino,Latin America
1zpFTApsJK8n8FO9XUeGJW,Heart Attack,Enrique Iglesias,SEX AND LOVE (Deluxe),45,170146,0.553,0.892,0.479,0.0639,77.01,latin,Latin America
6SxDyZv0icnCfTS9WBaa4j,La Chinita de los Ojos Cafés,Golpe a Golpe,El Bien y el Mal,44,201363,0.88,0.74,0.858,0.0966,91.978,latino,Latin America
1aZReheYIMalvxMShvPzvg,Instintos Animales,Kinky,Fierrro,44,266386,0.682,0.807,0.365,0.0117,94.02,latino,Latin America
1A9iX4vg8vLi4Gmr34k9nQ,Lento,Seven Kayne;MYKKA;Omar Varela,Lento,44,215040,0.763,0.554,0.193,0.0429,125.039,latino,Latin America
2K6jJQ1i2SVNWLEF06Ha4B,Otra Vez,Jairo Vera,Otra Vez,44,135000,0.812,0.379,0.573,0.0809,95.961,latino,Latin America
2mO3wtkRRgmycJtCyPxBWA,Tra Tra Que Tra,Canticuénticos,Nada en Su Lugar,44,242653,0.688,0.462,0.632,0.652,106.895,latino,Latin America
50Gj0T5qqRpnrBc26SFvu1,Caro,Julianno Sosa,L.O.V.E. 2,43,163000,0.664,0.472,0.21,0.213,155.766,latino,Latin America
2refhQNe2VpBdeVGC4C3HF,Cumbia Napapauny,Huichol Musical,Orgullo Mexicano,43,198346,0.73,0.652,0.971,0.243,159.948,latino,Latin America
6FbUqYe6AZ0KJSsNpdCGal,L Theme (Death Note),Animelmack,L Theme (Death Note),43,179815,0.691,0.592,0.843,0.0891,135.071,latino,Latin America
3GIRzF4WLdmjaqgoFFsfXV,Una Vez Mas,LIT killah,Una Vez Mas,43,214347,0.782,0.438,0.428,0.22,121.99,latino,Latin America
3NIsZEsnGH8fquyngVuomV,Sonando Flaite - Remix,El BAI;Marcianeke;King Savagge;Drakomafia;Victor La Voz,Sonando Flaite (Remix),43,410500,0.824,0.828,0.707,0.193,90.031,latino,Latin America
5F1KlBhTmtwHY0qItKsEEg,Se Canso,Jairo Vera,Se Canso,43,195274,0.721,0.505,0.62,0.118,87.052,latino,Latin America
0gLw9CHggtOhY5RVzU6Gsi,Contogo Me Fugo,Endo y Lele,Las Armas Secretas,43,194011,0.683,0.813,0.649,0.327,96.039,latino,Latin America
4r1iag8SixyX9KiRxWVswH,Por Ti,Simon la Letra;Dayser 23,Por Ti,43,258782,0.799,0.853,0.97,0.104,115.052,latino,Latin America
35et0G7aJVzE52TzK50Jg7,Desacatao (Remix),Carlitos Junior;Yiordano Ignacio;BlackRoy,Desacatao (Remix),43,276228,0.721,0.785,0.887,0.331,127.017,latino,Latin America
5FQbvZuAfluVde618bLjWH,Nada en Su Lugar,Canticuénticos,Nada en Su Lugar,43,201626,0.643,0.472,0.792,0.655,124.214,latino,Latin America
3Q8Jw1UCAQSMeGNIFfWNSd,Un Trago Para Ver Mejor,La Mississippi,Yo estuve ahi,43,216026,0.294,0.942,0.649,0.206,166.291,latino,Latin America
1ygGL7bqbGaduDaKHIvKBh,Casi Amor De Verano,Young Cister,LO MAS XULO DE TU INSTA,43,210829,0.598,0.672,0.533,0.128,175.952,latino,Latin America
0YoNL20XORC4ZuxlRLu3cM,DOLCE,Young Cister;Duki,LO MAS XULO DE TU INSTA,42,242006,0.783,0.656,0.469,0.0678,92.02,latino,Latin America
6jM9zDolSTqAmvBziZBifG,No Le Bajo,Ecko;Omar Varela,No Le Bajo,42,143586,0.826,0.539,0.808,0.0317,88.017,latino,Latin America
2hok5u09EI3Pl3PGf7j8nk,El Huerfadrino - Percy Mamani,31 Minutos,Arwrarwrirwrarwro (Banda Sonora Original de la Cuarta Temporada),42,128124,0.651,0.92,0.962,0.245,93.129,latino,Latin America
2TnfIvH4ywjwcJiS049sdh,No Days Off,Julianno Sosa,No Days Off,42,124528,0.835,0.681,0.195,0.139,106.054,latino,Latin America
0YPn9Bz18DuzsMp2DhwF36,Oye Mira Nena (Remix) [feat. Frankie Boy],Jamsha;Frankie Boy,El Putipuerko,42,244904,0.894,0.732,0.837,0.0326,97.979,latino,Latin America
0jdpEZOn94AYksJhzRUA1N,Estrellita,Julianno Sosa,L.O.V.E. 2,42,158110,0.703,0.57,0.583,0.131,170.073,latino,Latin America
2K4I5sjjWuWNobvDVCmr7x,Santa Lucía,La Rata Bluesera,La Rata Bluesera,42,278373,0.563,0.714,0.687,0.644,119.336,latino,Latin America
7ntJVBC11rBSPyGowYV1qz,"¡Qué Suerte, Qué Risa!",Canticuénticos,A Cocochito,42,159807,0.592,0.422,0.573,0.836,69.8,latino,Latin America
3BoIHWjO48jLcdFby2P8D3,Mas - Remastered,Kinky,Kinky (Remastered),42,260426,0.697,0.803,0.707,0.433,106.376,latino,Latin America
1dDbLpPDquPovTN96MQbCy,Monton De Nada,Memphis La Blusera,Medias Negras,42,252706,0.58,0.768,0.709,0.166,119.455,latino,Latin America
4Y7DBrevuHZW8si6GGpjwe,Asi yo ladro,El Perro Chocolo,¿Donde Está Chocolo?,41,147041,0.831,0.671,0.968,0.414,119.898,latino,Latin America
705P8JiDEHEbeNZF0ZlqeR,Te Busco,Balbi El Chamako;Adan La Amenaza;Shelo;Luxian;Nickoog Clk,Te Busco,41,360000,0.872,0.584,0.913,0.27,112.973,latino,Latin America
4l5MEhjgvM9whoZFZiDsao,De quién son esos ojitos,Magdalena Fleitas,Risas Del Agua,41,42346,0.699,0.106,0.674,0.727,126.69,latino,Latin America
1H4XsStlZ7hcSrQgDZqFFp,Otro Planeta,Kevin Martes 13,Inmortal,41,195428,0.795,0.62,0.37,0.0787,139.932,latino,Latin America
06aqptFP9n0y4pPTQOEWKr,Una Nube,Vuelta Canela,Juegos Canelos,41,157219,0.705,0.0715,0.713,0.794,115.326,latino,Latin America
5FFOPT5ErpRGwQlZPLaj0r,Amurrao - Eustaquio Renato,31 Minutos,Arwrarwrirwrarwro (Banda Sonora Original de la Cuarta Temporada),41,121990,0.772,0.921,0.826,0.209,97.946,latino,Latin America
6hufSKKiNAOUdS5JVym6hu,Nunca Me He Sacado un 7 - Michael Astudillo Jr,31 Minutos,31 Canciones de Amor y una Canción de Guaripolo,41,120600,0.77,0.686,0.938,0.63,96.967,latino,Latin America
6CTpq4p0u9qClckD7fRzK9,La Serpiente De Tierra Caliente,Canticuentos,Los 60 Mejores Canticuentos,41,111200,0.8,0.61,0.963,0.182,141.2,latino,Latin America
7htnCgZlRosLtszzgGQXeB,El Juego de las Verduras,Elenco Junior Express;Diego Topa,Junior Express - Grandes Éxitos,41,157173,0.682,0.891,0.967,0.0594,149.934,latino,Latin America
3ihLb6d7mWwOtFt4yaxCQu,Una Glock,Jairo Vera;ITHAN NY,Una Glock,41,204631,0.783,0.778,0.426,0.105,95.013,latino,Latin America
7pPpMUirISni1rDOemzWLu,Dile a Tu Gato (feat. Farruko & Franco El Gorila),"Endo;Farruko;Franco ""El Gorilla""",Dile a Tu Gato (feat. Farruko & Franco El Gorila),41,253500,0.769,0.905,0.81,0.157,165.961,latino,Latin America
2gKszD1ri5gGONhTuwil9A,Mr. Guantecillo - Hermanos Computadores de Paine,31 Minutos,"31 Minutos, Ratoncitos",41,141026,0.65,0.872,0.568,0.473,139.151,latino,Latin America
5Vraw8oGzJtxWZW69w0PqF,La Luna,Dúo Karma,Firmamento,41,211500,0.92,0.513,0.903,0.652,102.018,latino,Latin America
5B2UaRBssL6Am4LukpZ5I3,Otro Dia,Julianno Sosa,Otro Dia,41,159452,0.808,0.429,0.469,0.301,145.966,latino,Latin America
2PbMeWMDjNnhWuvIRKLAaV,Pepon X Siempre,Jairo Vera;Vishoko;Dylan el Menor;Benjita Montana,Pepon X Siempre,41,281565,0.818,0.616,0.848,0.402,122.004,latino,Latin America
6lUgMWBc9EZGtTJpA6SGQu,Ice,Ecko,Ice,41,100402,0.857,0.764,0.338,0.0236,134.984,latino,Latin America
7jzJd9ZuHifdJzb64wBLKZ,To' Tu Size,DrefQuila,To' Tu Size,41,176031,0.797,0.562,0.528,0.573,128.013,latino,Latin America
2h9ILYXG8eEJK9caVZYQgA,Túnel,DrefQuila,Claudito Sunshine,41,224084,0.701,0.567,0.521,0.332,89.921,latino,Latin America
5U555TfDANnfewHfLJxhAC,CALLAU,Young Cister,CALLAU,41,210842,0.797,0.719,0.649,0.334,178.037,latino,Latin America
7AI9h4MlWyZdXTKVPbdBHd,La Última Vez (feat. Antuan),Ronald El Killa;Antuan,La Invasion,41,204519,0.818,0.558,0.848,0.00423,161.99,latino,Latin America
7lrP86Z9b3e867M4EqiDk2,Juego de 3,Carlitos Junior;Pablo Chill-E,Juego de 3,41,186108,0.74,0.808,0.876,0.109,91.029,latino,Latin America
36T5ZSPKoAREX7q9olfhMp,Nadie Se Tiene Que Enterar,Kevin Roldan,Bofff,41,154186,0.833,0.464,0.948,0.0375,82.973,latino,Latin America
4bK6C3UzOgWrfaK5IC3pOO,Lala - Lolo,31 Minutos,31 Minutos,41,87866,0.494,0.922,0.359,0.161,166.003,latino,Latin America
5TgIPCn0sNM0PNXjhgbTuU,Aquí Sigo Yo,Balbi El Chamako;Arte Elegante,La Vida Es Bela,41,181343,0.603,0.779,0.738,0.0993,174.0,latino,Latin America
6JXbjTYnHhVpgz8aRm1wTR,Ando Con el Carro,Balbi El Chamako,La Vida Es Bela,41,170568,0.706,0.804,0.259,0.0404,94.039,latino,Latin America
2oGwrIrsnF05EAdyPecOVV,Vida,Sussie 4;Pato Machete,International Sonora,41,224987,0.73,0.746,0.195,0.0448,95.007,latino,Latin America
7lNi4mV6mWH23fq0vWNz4C,Chacarera Jeringosa,Canticuénticos,"¿Por Qué, Por Qué?",40,137813,0.856,0.391,0.761,0.809,96.361,latino,Latin America
055F4j70mlvDTSF62zN4OJ,Hay Secretos,Canticuénticos,"¿Por Qué, Por Qué?",40,208386,0.481,0.18,0.151,0.831,140.485,latino,Latin America
4g6rYuGNEGe5mPVHcG0dQy,"Gatita Loca (Remix) [feat. Mackie, Kevin Roldan, Yomo & Jowell & Randy]",Ronald El Killa;Mackie;Kevin Roldan;Yomo;Jowell & Randy,"Gatita Loca (Remix) [feat. Mackie, Kevin Roldan, Yomo & Jowell & Randy]",40,303440,0.848,0.685,0.746,0.00701,92.021,latino,Latin America
1zIEjkEd2awwjVTxqPPecY,Ejercicio #16 - Remastered,Kinky,Kinky (Remastered),40,261813,0.853,0.873,0.801,0.0432,122.163,latino,Latin America
4SJ5sacEdnS4oNhT1oDYmO,Fantasias,Simon la Letra,Pa las Babys,40,198676,0.686,0.627,0.654,0.476,170.125,latino,Latin America
2D0okVifGcPTmi6LJpIxpZ,Cambios,Harry Nach;Poison Kid,Onward,40,227200,0.728,0.59,0.374,0.391,150.034,latino,Latin America
4rUQPct3yT97OXelj85R5Q,Lover,Young Cister,Lover,40,150563,0.763,0.533,0.597,0.779,145.004,latino,Latin America
6IBgT0sZ1rmG1bUSDNwPvn,"Diente Blanco, No Te Vayas - John Quijada",31 Minutos,31 Minutos,40,102160,0.727,0.753,0.706,0.851,122.059,latino,Latin America
1nhKHDU9KFJ999JDwa4D3q,Que Chulada De Mujer,Huichol Musical,Desde Mexico Cumbia Cusinela,40,192773,0.692,0.842,0.889,0.689,156.821,latino,Latin America
35PmZvjwN4KEhxqbRUxvLk,Hormigas de Ciudad,Canticuénticos,Canticuénticos Embrujados,40,131760,0.393,0.384,0.648,0.888,78.919,latino,Latin America
4dLTsUhwJZjqcyuRHNEjIK,Ellas,Carlitos Junior;Sayian Jimmy,Ellas,40,205194,0.569,0.91,0.694,0.132,180.048,latino,Latin America
2mVpLqace3DfHdyb7sQ1Ej,Tema de Digimon 2 Impacto Rojo,Ricardo Silva,El Cantante Original de Las Series Mas Famosas de Comic y Anime,40,271973,0.548,0.622,0.557,0.0193,160.278,latino,Latin America
6NGNWixLd0Qzl5ssOigXJt,Ella Me Cela (Remix),Benny Benni;Endo;Darkiel;Juanka,Ella Me Cela (Remix),40,251783,0.853,0.717,0.842,0.17,92.014,latino,Latin America
5PcTsQo6qxySbMrwLAITq2,Llego en Alta Gama,Balbi El Chamako;Forest;Bayriton;King Savage,Llego en Alta Gama,40,407000,0.83,0.618,0.849,0.087,115.997,latino,Latin America
30fs492ovSWQYydT1Ap2bM,No Seas Bobo,Yaga & Mackie,Los Mackieavelikos 2055,40,218706,0.718,0.909,0.738,0.0266,180.023,latino,Latin America
2T4MdkWnLclxXciWMQDNLB,Marcha Atrás (Viaje a la Semilla),Kinky,Barracuda,40,225880,0.665,0.958,0.745,0.025,122.988,latino,Latin America
746qFZXMqidt0itGHjnhRv,Abre la Ventana,Dúo Karma,Firmamento,39,198997,0.793,0.532,0.965,0.562,95.962,latino,Latin America
4yWQ9nnwBEaEcwUSSNmgXj,Con Ceviche Haciendo el Amor,Sayian Jimmy;El Tigre García;Melora1n;Ribele;skillstayla,Con Ceviche Haciendo el Amor,39,275164,0.76,0.838,0.864,0.143,94.999,latino,Latin America
5zl3YXkWTij4lo3kw1BAlE,Cuéntame,Makano,La Esencia,39,179316,0.742,0.804,0.49,0.0439,166.006,latino,Latin America
3wS1njCO85Eo9iQ6gs7740,Perros y Gatas,Alberto Stylee,Exitos,39,225462,0.843,0.729,0.932,0.0125,91.959,latino,Latin America
3JCcBtwNldEBd3O4hqYDWI,No Me Arrodillo,Almighty;Manny Montes,Genelipsis,39,225500,0.81,0.542,0.376,0.102,164.151,latino,Latin America
0Z4SHbtUuytKZu5iM26oYM,Sos mi sol flaquito,Luis Pescetti;Marta Gómez,Magia todo el día,39,100000,0.787,0.223,0.778,0.848,109.322,latino,Latin America
1RkbKEnC2pNfcz416pufk4,Ronda de los Amigos,Mazapán,Antología (Vol. 1),39,107129,0.612,0.425,0.64,0.897,142.962,latino,Latin America
2Q7JT7o5Zx1avAOV2dLDkj,"Ya Va, Ya Voy",Canticuénticos,Algo Que Decirte,39,184760,0.455,0.61,0.549,0.502,95.083,latino,Latin America
7JK8Z5ETSuzCaEW2SkQhV4,Vivo Como Quiero,Carlitos Junior;Ak4:20,Vivo Como Quiero,39,182892,0.83,0.509,0.21,0.0581,118.006,latino,Latin America
25CQDt4jALXtZyAbjLwscD,Súbete al tren de la alegría,Duo Tiempo de Sol,20 Grandes Éxitos,39,123652,0.692,0.876,0.983,0.181,127.651,latino,Latin America
5VgsXmsfGIBOqq0imAv4y1,"Drácula, Calígula, Tarántula - Coágula Espátulo",31 Minutos,Arwrarwrirwrarwro (Banda Sonora Original de la Cuarta Temporada),39,173549,0.816,0.799,0.884,0.0273,134.982,latino,Latin America
4HSvXHtHuFIu6b7ZjXn4md,Calcetín Con Rombos Man,31 Minutos,31 Minutos,39,40893,0.431,0.941,0.765,0.0395,171.764,latino,Latin America
5aB2i5mAcabrEA1LwRCbBl,Mundo Interior - Cápara Sonia,31 Minutos,Arwrarwrirwrarwro (Banda Sonora Original de la Cuarta Temporada),39,169134,0.669,0.967,0.6,0.142,81.488,latino,Latin America
2YGTAyly1GwKKpSgvzmYwu,Sammy el Heladero,Canticuentos,Sólo Clásicos: Canticuentos,39,117603,0.721,0.727,0.908,0.212,166.393,latino,Latin America
4blBHK4RMT3qrBeaRpaeJi,Lucía la Sandía,31 Minutos;Pe & Pa,Lucía la Sandía,39,163088,0.638,0.826,0.671,0.102,136.939,latino,Latin America
7atsDzqc41OAtNHiovTmI1,Mimo a Mi Mamá,Panam y Circo,CD9: A Jugar Con Panam,39,152746,0.603,0.499,0.802,0.304,124.842,latino,Latin America
4mRDHNAFzVK2UvdzZaB5fA,Me Guille,Simon la Letra,Pa las Babys,39,194285,0.754,0.735,0.591,0.565,104.985,latino,Latin America
75d4J4UvsrSYpFCHb9h4gW,A Lo Moderno,Golpe a Golpe;Yelsid,Más Lunáticos,39,236364,0.717,0.681,0.807,0.328,171.998,latino,Latin America
17PgerSHi9APGjru8C9uLz,Te Pito o Te Henua,Mazapán,De Norte a Sur,39,114073,0.667,0.278,0.327,0.951,161.954,latino,Latin America
6JB23R70qctQH0h4FGGlEV,"Señora, Devuélvame la Pelota - En Vivo",31 Minutos;Pepelota,31 Minutos Gira Mundial (En Vivo),38,191905,0.606,0.851,0.421,0.719,116.34,latino,Latin America
2gYj9lubBorOPIVWsTXugG,After LIKE,IVE,After LIKE,88,176973,0.68,0.922,0.799,0.103,125.014,k-pop,South Korea
6tCd8bPvYnceDG7W9M1RMk,Shut Down,BLACKPINK,BORN PINK,87,175889,0.813,0.657,0.651,0.00269,110.053,k-pop,South Korea
0RDqNCRBGrSegk16Avfzuq,Talk that Talk,TWICE,BETWEEN 1&2,86,177466,0.772,0.907,0.783,0.136,119.973,k-pop,South Korea
0Q5VnK2DYzRyfqQRJuUtvi,LOVE DIVE,IVE,LOVE DIVE,85,177186,0.703,0.709,0.538,0.00379,117.941,k-pop,South Korea
7EyhPjrJzjx0fk2i7vUJCS,Pink Venom,BLACKPINK,Pink Venom,85,186964,0.794,0.719,0.69,0.0119,90.016,k-pop,South Korea
10SRMwb9EuVS1K9rYsBfHQ,Yet To Come,BTS,Proof,85,193593,0.559,0.885,0.683,0.0432,172.029,k-pop,South Korea
5QDLhrAOJJdNAmCTJ8xMyW,Dynamite,BTS,BE,85,199053,0.746,0.765,0.737,0.0112,114.044,k-pop,South Korea
69xohKu8C1fsflYAiSNbwM,Run BTS,BTS,Proof,84,204939,0.724,0.818,0.696,0.0201,77.004,k-pop,South Korea
296nXCOv97WJNRWzIBQnoj,FEARLESS,LE SSERAFIM,FEARLESS,83,168437,0.863,0.62,0.432,0.0508,103.971,k-pop,South Korea
6jjYDGxVJsWS0a5wlVF5vS,Butter,BTS,Proof,83,164952,0.759,0.459,0.695,0.00323,109.997,k-pop,South Korea
5aucVLKiumD89mxVCB4zvS,Rush Hour (Feat. j-hope of BTS),Crush;j-hope,Rush Hour,83,177302,0.738,0.714,0.74,0.157,95.035,k-pop,South Korea
3O8G8eVrhfXTGttyQ1xVuq,CASE 143,Stray Kids,MAXIDENT,82,191964,0.812,0.89,0.69,0.0961,100.006,k-pop,South Korea
1QpwvWMQGdOgA8MXXfgs4H,DICE,NMIXX,ENTWURF,82,165746,0.556,0.798,0.628,0.0848,131.096,k-pop,South Korea
63irPUP3xB74fHdw1Aw9zR,MANIAC,Stray Kids,ODDINARY,80,182757,0.581,0.8,0.709,0.154,119.872,k-pop,South Korea
3XYRV7ZSHqIRDG87DKTtry,Permission to Dance,BTS,Permission to Dance,80,187585,0.702,0.741,0.646,0.00544,124.925,k-pop,South Korea
4a9tbd947vo9K8Vti9JwcI,Boy With Luv (feat. Halsey),BTS;Halsey,MAP OF THE SOUL : PERSONA,80,229773,0.645,0.862,0.803,0.0933,119.947,k-pop,South Korea
6I2tqFhk8tq69iursYxuxd,HOT,SEVENTEEN,SEVENTEEN 4th Album 'Face the Sun',80,197586,0.765,0.777,0.64,0.0539,111.944,k-pop,South Korea
0IGUXY4JbK18bu9oD4mPIm,TOMBOY,(G)I-DLE,I NEVER DIE,80,174386,0.755,0.87,0.645,0.00988,124.032,k-pop,South Korea
1oen3GpTcA486fTHaT7neg,FOREVER 1,Girls' Generation,FOREVER 1 - The 7th Album,79,202533,0.615,0.871,0.297,0.0427,123.915,k-pop,South Korea
7n2FZQsaLb7ZRfRPfEeIvr,ELEVEN,IVE,ELEVEN,79,178453,0.828,0.731,0.587,0.0617,119.978,k-pop,South Korea
5FVbvttjEvQ8r2BgUcJgNg,Life Goes On,BTS,BE,79,207481,0.566,0.716,0.45,0.00691,81.068,k-pop,South Korea
45OX2jjEw1l7lOFJfDP9fv,MONEY,LISA,LALISA,78,168227,0.826,0.553,0.4,0.163,140.037,k-pop,South Korea
4JzCFEc3O2UEdjKzevvFH5,For Youth,BTS,Proof,78,264480,0.633,0.511,0.29,0.434,116.855,k-pop,South Korea
21hB8x6QTEsTfIDENPcyXm,The Happiest Girl,BLACKPINK,BORN PINK,78,222025,0.439,0.352,0.548,0.587,181.517,k-pop,South Korea
5YMXGBD6vcYP7IolemyLtK,Euphoria,BTS,Love Yourself 結 'Answer',78,228615,0.637,0.799,0.57,0.394,104.996,k-pop,South Korea
5elW2CKSoqjYoJ32AGDxf1,Polaroid Love,ENHYPEN,DIMENSION : ANSWER,78,184601,0.738,0.67,0.651,0.458,138.055,k-pop,South Korea
2WoluqyWzsgRmFCeHeGlnm,SNEAKERS,ITZY,CHECKMATE,78,179453,0.935,0.849,0.551,0.0192,119.986,k-pop,South Korea
5mdWIwsJAzR97ShGkt8gcR,New thing (Prod. ZICO) (Feat. Homies),ZICO;HOMIES,Street Man Fighter Original Vol.3 (Mission by Rank),78,147426,0.775,0.865,0.663,0.0453,175.12,k-pop,South Korea
1dfsPqH09vnzUWEOsN98Ex,28 Reasons,SEULGI,28 Reasons - The 1st Mini Album,78,189413,0.766,0.651,0.488,0.211,121.995,k-pop,South Korea
2WTHLEVjfefbGoW7F3dXIg,Girls,aespa,Girls - The 2nd Mini Album,78,240440,0.57,0.974,0.65,0.115,171.958,k-pop,South Korea
1HsSIPLTQT354yJcQGfEY3,Good Boy Gone Bad,TOMORROW X TOGETHER,minisode 2: Thursday's Child,78,191038,0.475,0.695,0.552,0.0159,100.009,k-pop,South Korea
3QwiidVHfeE9y5jl4n2MTC,_WORLD,SEVENTEEN,SEVENTEEN 4th Album Repackage 'SECTOR 17',78,178453,0.709,0.809,0.788,0.312,111.01,k-pop,South Korea
308Ir17KlNdlrbVLHWhlLe,The Feels,TWICE,Formula of Love: O+T=<3,78,198053,0.808,0.903,0.922,0.0899,120.044,k-pop,South Korea
4IaxDf2FixiQXq0mW7key9,ZOOM,Jessi,ZOOM,78,174840,0.874,0.6,0.457,0.00942,100.012,k-pop,South Korea
6wBpO4Xc4YgShnENGSFA1M,Sour Grapes,LE SSERAFIM,FEARLESS,77,196540,0.779,0.801,0.72,0.395,139.998,k-pop,South Korea
05ib88vsMeLfwlAfrZyz99,"TASTE (Lee Know, Hyunjin, Felix)",Stray Kids,MAXIDENT,77,216120,0.626,0.623,0.123,0.0559,140.209,k-pop,South Korea
6TBJkXHPhu3EsMk1bshwuI,ONLY,LeeHi,4 ONLY,77,240906,0.536,0.296,0.151,0.892,122.907,k-pop,South Korea
6PRy17C5LiiN7VCLS6IA98,Future Perfect (Pass the MIC),ENHYPEN,MANIFESTO : DAY 1,77,180750,0.658,0.9,0.526,0.0364,156.096,k-pop,South Korea
4fsQ0K37TOXa3hEQfjEic1,ANTIFRAGILE,LE SSERAFIM,ANTIFRAGILE,77,184444,0.882,0.797,0.824,0.0821,105.025,k-pop,South Korea
0UzymivvUH5s8z4PeWZJaK,FEVER,ENHYPEN,BORDER : CARNIVAL,77,172106,0.6,0.713,0.471,0.0642,72.999,k-pop,South Korea
4XKXphKH76W4zNpkgFS5o2,MORE,j-hope,MORE,77,180022,0.783,0.722,0.306,0.00537,97.031,k-pop,South Korea
3ABi5sVjvEp08IQEKh8BmG,Yeah Yeah Yeah,BLACKPINK,BORN PINK,77,178923,0.732,0.555,0.65,0.00522,124.011,k-pop,South Korea
13MF2TYuyfITClL1R2ei6e,BOOMBAYAH,BLACKPINK,SQUARE ONE,77,240793,0.661,0.836,0.396,0.00268,124.952,k-pop,South Korea
4ZxOuNHhpyOj4gv52MtQpT,As If It's Your Last,BLACKPINK,As If It's Your Last,77,213264,0.786,0.852,0.455,0.0687,125.036,k-pop,South Korea
2qQpFbqqkLOGySgNK8wBXt,FANCY,TWICE,FANCY YOU,76,213880,0.697,0.874,0.775,0.0122,132.018,k-pop,South Korea
4XPXrcpyNr30Km6aPiflJy,God’s Menu,Stray Kids,GO LIVE,76,167922,0.689,0.771,0.482,0.00776,157.052,k-pop,South Korea
37ZtpRBkHcaq6hHy0X98zn,I CAN'T STOP ME,TWICE,Eyes Wide Open,76,205493,0.657,0.88,0.769,0.121,150.084,k-pop,South Korea
0nwTMzpatarzvLvtwwzdCt,Thunderous,Stray Kids,NOEASY,76,183266,0.601,0.786,0.79,0.213,172.156,k-pop,South Korea
1pdFdv8R6ezIAUUNkn785b,CHEERS,SEVENTEEN,SEVENTEEN 4th Album Repackage 'SECTOR 17',76,181466,0.74,0.848,0.881,0.306,159.991,k-pop,South Korea
56Yxkm62GtEpnPyG7TvwLY,LOCO,ITZY,CRAZY IN LOVE,76,191462,0.759,0.886,0.489,0.0103,102.065,k-pop,South Korea
6m1TWFMeon7ai9XLOzdbiR,FAKE LOVE,BTS,Love Yourself 轉 'Tear',76,242333,0.557,0.719,0.345,0.00267,77.502,k-pop,South Korea
61tqrU7wp1EnoJ5ajtYXMl,Ready For Love,BLACKPINK,BORN PINK,76,184677,0.564,0.682,0.551,0.0146,107.597,k-pop,South Korea
4bZZVcgWWMWPBwzTTp642w,Filter,BTS,MAP OF THE SOUL : 7,76,180220,0.779,0.762,0.859,0.0224,110.043,k-pop,South Korea
2j1fFjWHCI9KJSwcuYAOyF,Spring Day,BTS,You Never Walk Alone,76,274097,0.539,0.846,0.462,0.00631,106.994,k-pop,South Korea
2oBMZYteeO8DyXV9gDx6Za,Feel My Rhythm,Red Velvet,‘The ReVe Festival 2022 - Feel My Rhythm’,75,210253,0.412,0.94,0.423,0.0648,157.964,k-pop,South Korea
7qmvLmX9tyaTiBAVNI6YEn,PLAYING WITH FIRE,BLACKPINK,SQUARE TWO,75,197288,0.706,0.756,0.676,0.0392,97.098,k-pop,South Korea
66sBTYlkaiyBwf4fhbIHlZ,Yours,JIN,Jirisan (Original Television Soundtrack) Pt. 4,75,264840,0.488,0.427,0.157,0.354,72.035,k-pop,South Korea
1e8J3XClxZbFmvIHLI8CE4,IDOL,BTS,Love Yourself 結 'Answer',75,222732,0.733,0.855,0.42,0.00481,126.035,k-pop,South Korea
1ZPeaPDjQOOC8hw1mNjyjF,Pied Piper,BTS,Love Yourself 承 'Her',75,245620,0.583,0.712,0.778,0.2,94.051,k-pop,South Korea
2u54HNQamwFuOMLSuhSRom,Blood Sweat & Tears,BTS,Wings,75,217051,0.584,0.885,0.605,0.0244,92.9,k-pop,South Korea
4ncTUgTfUV3wrjTPzKvn01,Yet To Come (Hyundai Ver.),BTS,Yet To Come (Hyundai Ver.),75,223535,0.508,0.842,0.44,0.078,86.041,k-pop,South Korea
1IthE5GNiRzFN5CVaCa445,Born Singer,BTS,Proof,75,238628,0.602,0.841,0.684,0.0354,157.937,k-pop,South Korea
6bvZRLLkBKkmgpBJTTj3QK,How You Like That,BLACKPINK,THE ALBUM,75,180956,0.813,0.787,0.326,0.0452,130.018,k-pop,South Korea
3CYH422oy1cZNoo0GTG1TK,Psycho,Red Velvet,‘The ReVe Festival’ Finale,75,210560,0.664,0.666,0.405,0.193,139.987,k-pop,South Korea
6LnEoRQKMcaFTR5UvaKuBy,Rock with you,SEVENTEEN,SEVENTEEN 9th Mini Album 'Attacca',75,180360,0.621,0.816,0.694,0.0966,163.966,k-pop,South Korea
1wcr8DjnN59Awev8nnKpQ4,Drunk-Dazed,ENHYPEN,BORDER : CARNIVAL,75,193260,0.599,0.869,0.453,0.000707,132.889,k-pop,South Korea
3lrNsPdn98i6rxO142pLT6,O.O,NMIXX,AD MARE,75,172936,0.39,0.767,0.285,0.0354,200.263,k-pop,South Korea
21aOLk12MksET8AsbU0SI6,LO$ER=LO♡ER,TOMORROW X TOGETHER,The Chaos Chapter: FIGHT OR ESCAPE,75,199919,0.644,0.867,0.687,0.001,124.997,k-pop,South Korea
37YoRLUu1qId0ewavgvnkG,Blue Flame,LE SSERAFIM,FEARLESS,75,201894,0.781,0.725,0.765,0.0281,112.045,k-pop,South Korea
6T4o4xEh61CpgM9v4jG5DJ,"3RACHA (Bang Chan, Changbin, HAN)",Stray Kids,MAXIDENT,75,208573,0.721,0.856,0.627,0.229,142.068,k-pop,South Korea
3zhbXKFjUDw40pTYyCgt1Y,What is Love,TWICE,Summer Nights,75,208240,0.574,0.909,0.569,0.0987,169.966,k-pop,South Korea
4QDpsNBlllaLGj8zbF2EE0,Charmer,Stray Kids,ODDINARY,74,188573,0.786,0.762,0.731,0.0524,90.963,k-pop,South Korea
2zrhoHlFKxFTRF5aMyxMoQ,Next Level,aespa,Next Level,74,221573,0.82,0.852,0.82,0.488,109.036,k-pop,South Korea
7CQhZA3qNDZBoTKWqjD7gR,Give Me Your TMI,Stray Kids,MAXIDENT,74,198173,0.749,0.862,0.824,0.0513,97.982,k-pop,South Korea
4pspYVQGFHLPEFgQPD1J7e,WANNABE,ITZY,IT'z ME,74,191242,0.809,0.911,0.64,0.00795,122.035,k-pop,South Korea
4gdiCHNbwugojBqr5Jt3pq,WA DA DA,Kep1er,FIRST IMPACT,74,183693,0.785,0.907,0.685,0.00122,126.004,k-pop,South Korea
1Z8TPHiKeCUyClxV6WTTIf,0X1=LOVESONG (I Know I Love You) feat. Seori,TOMORROW X TOGETHER,The Chaos Chapter: FREEZE,74,202203,0.584,0.836,0.484,0.0558,104.973,k-pop,South Korea
03UrZgTINDqvnUMbbIMhql,Gangnam Style (강남스타일),PSY,Gangnam Style (강남스타일),74,219493,0.727,0.937,0.749,0.00417,132.067,k-pop,South Korea
0fZRNhPJ4AGmwY7rkpdbqK,ON,BTS,MAP OF THE SOUL : 7,74,246380,0.583,0.817,0.437,0.118,105.935,k-pop,South Korea
6NEoeBLQbOMw92qMeLfI40,WHISTLE,BLACKPINK,SQUARE ONE,74,211631,0.818,0.723,0.607,0.00561,102.945,k-pop,South Korea
2EmcTFQ1rM11wp2ztsXTHa,Black Swan,BTS,MAP OF THE SOUL : 7,74,198260,0.719,0.757,0.489,0.137,147.024,k-pop,South Korea
3jsYQw78lrxJA2ysnmOIf9,Some,BOL4,Red Diary Page.1,74,181373,0.659,0.799,0.782,0.417,103.991,k-pop,South Korea
0yB4jrSwN0bFtFRDR5vyMj,Love Shot,EXO,LOVE SHOT– The 5th Album Repackage,74,200306,0.689,0.678,0.335,0.0702,145.883,k-pop,South Korea
5uFqjHOo3Sh0bVPCKf3DdH,Illusion,aespa,Illusion,74,195053,0.75,0.718,0.592,0.0814,90.027,k-pop,South Korea
56s2s5e8WuBsWVKnmz6J9L,BEAUTIFUL MONSTER,STAYC,WE NEED LOVE,74,180000,0.594,0.647,0.511,0.121,82.321,k-pop,South Korea
35sE2Ehvd1GzBzAIC0zFIu,HEYDAY (Prod. Czaer),Stray Kids,Street Man Fighter Original Vol.4 (Crew Songs),74,144773,0.892,0.808,0.701,0.0335,137.97,k-pop,South Korea
3dbLT62Cvs46Ju7a8gpr36,Savage,aespa,Savage - The 1st Mini Album,74,238143,0.727,0.879,0.671,0.124,146.959,k-pop,South Korea
3QSjVPObHxuAJc3E5nrjRn,VILLAIN,K/DA;Madison Beer;Kim Petras;League of Legends,ALL OUT,74,199125,0.653,0.634,0.306,0.0232,160.013,k-pop,South Korea
6Yc3tjFCVR2bfAQFRTZBef,HOME,BTS,MAP OF THE SOUL : PERSONA,74,234177,0.633,0.799,0.534,0.0144,142.991,k-pop,South Korea
0tYZo2UhV1lrUez5CA0Iyw,Guerrilla,ATEEZ,THE WORLD EP.1 : MOVEMENT,74,207921,0.555,0.89,0.581,0.00399,181.963,k-pop,South Korea
1HshHZrFIF5MRXWCZntOPr,CHILL,Stray Kids,MAXIDENT,74,195146,0.744,0.923,0.522,0.115,96.005,k-pop,South Korea
0LatE4S9UtCDwIdGQsFFKL,"Red Lights (Bang Chan, Hyunjin)",Stray Kids,NOEASY,74,189906,0.707,0.74,0.336,0.179,127.974,k-pop,South Korea
0pYacDCZuRhcrwGUA5nTBe,eight(Prod.&Feat. SUGA of BTS),IU;SUGA,eight,73,167573,0.676,0.869,0.594,0.115,120.029,k-pop,South Korea
0XuepwFJUcKN8T5zTqoP0F,Back Door,Stray Kids,IN LIFE,73,189286,0.82,0.842,0.653,0.157,107.952,k-pop,South Korea
2xtP8RNbo2BEMzLX7tK7aq,CRY FOR ME,TWICE,CRY FOR ME,73,204167,0.702,0.692,0.419,0.0542,144.896,k-pop,South Korea
3XZAvh2NCDQYHgJei35VQ1,Up!,Kep1er,DOUBLAST,73,192026,0.753,0.932,0.918,0.0205,124.006,k-pop,South Korea
2uw2ftfyS4yJLWiTtbxasE,CIRCUS,Stray Kids,CIRCUS,73,194440,0.767,0.809,0.69,0.0337,97.958,k-pop,South Korea
3gFcGnU4kTdMYLXDjH1TK8,RUN2U,STAYC,YOUNG-LUV.COM,73,213426,0.722,0.676,0.362,0.000835,129.943,k-pop,South Korea
5sbooPcNgIE22DwO0VNGUJ,POP/STARS,K/DA;Madison Beer;(G)I-DLE;Jaira Burns;League of Legends,POP/STARS,73,191100,0.566,0.769,0.385,0.0183,170.036,k-pop,South Korea
1Rrj7KyS2R6SP9CQMDJW1w,VERY NICE,SEVENTEEN,Love&Letter repackage album,73,192092,0.746,0.898,0.879,0.0526,121.967,k-pop,South Korea
1GMufNnkKAnPLnqKJ5HHxW,Lovesick Girls,BLACKPINK,THE ALBUM,73,192765,0.658,0.732,0.409,0.00513,127.995,k-pop,South Korea
63mL1DdcSFfxVJ9XGnSRQz,Basics,TWICE,BETWEEN 1&2,73,176973,0.778,0.8,0.585,0.254,137.997,k-pop,South Korea
0CatzXH85XWyBqqdB6qPMB,Beatbox,NCT DREAM,Beatbox - The 2nd Album Repackage,73,205133,0.857,0.7,0.773,0.0411,93.997,k-pop,South Korea
70XnKsO3UnIT4FnEwChQXx,= (Equal Sign),j-hope,Jack In The Box,73,114477,0.673,0.75,0.708,0.0155,105.848,k-pop,South Korea
078fJxqEUz0LvbHSM6AoXJ,SUPER BOARD,Stray Kids,MAXIDENT,73,185960,0.751,0.87,0.412,0.00653,103.019,k-pop,South Korea
33vfE5bxDMHpOFHMSgxehR,"Can't Stop (Seungmin, I.N)",Stray Kids,MAXIDENT,73,209666,0.645,0.87,0.79,0.00522,119.973,k-pop,South Korea
1HYzRuWjmS9LXCkdVHi25K,Stay With Me,CHANYEOL;Punch,"Guardian (Original Television Soundtrack), Pt. 1",73,192441,0.558,0.526,0.202,0.431,124.709,k-pop,South Korea
1ZLrDPgR7mvuTco3rQK8Pk,Way Back Home (feat. Conor Maynard) - Sam Feldt Edit,SHAUN;Conor Maynard;Sam Feldt,Way Back Home (feat. Conor Maynard) [Sam Feldt Edit],73,192452,0.737,0.747,0.447,0.269,105.943,k-pop,South Korea
1R0hxCA5R7z5TiaXBZR7Mf,SOLO,JENNIE,SOLO,73,169566,0.752,0.642,0.388,0.0861,95.043,k-pop,South Korea
2KZ3sNqPogEyMUUH6A5HFy,LALISA,LISA,LALISA,73,200689,0.804,0.652,0.854,0.0267,150.076,k-pop,South Korea
5xrtzzzikpG3BLbo4q1Yul,LILAC,IU,IU 5th Album 'LILAC',73,214253,0.738,0.89,0.75,0.0895,114.942,k-pop,South Korea
0jSccBRnhNU4KtACMQPvco,Mikrokosmos,BTS,MAP OF THE SOUL : PERSONA,73,224225,0.579,0.858,0.475,0.125,174.043,k-pop,South Korea
1dS4l6xmdgEhCZTAhdOm4N,Serendipity - Full Length Edition,BTS,Love Yourself 結 'Answer',73,276707,0.422,0.578,0.227,0.443,128.921,k-pop,South Korea
3uRLwBjI2TahxslcMTvpFs,DNA,BTS,Love Yourself 承 'Her',73,223122,0.599,0.775,0.696,0.0217,129.817,k-pop,South Korea
3ObPkJQAgjAhTwYvDhPrAW,Blue Hour,TOMORROW X TOGETHER,minisode1 : Blue Hour,73,209105,0.71,0.82,0.746,0.00962,112.005,k-pop,South Korea
0ZeGfEAL5Rl4pd5LZBGuEK,Maria,Hwa Sa,María,72,199026,0.658,0.749,0.442,0.238,128.909,k-pop,South Korea
2xgACMNtJ5YktyvOC83SPO,On The Ground,ROSÉ,R,72,168085,0.311,0.607,0.286,0.0174,188.7,k-pop,South Korea
2ayIgfvWo3SfYP2pVOr4pC,Gone,ROSÉ,R,72,207163,0.647,0.377,0.653,0.594,79.936,k-pop,South Korea
6juLaduD4STCUDWT0AYun4,MORE,K/DA;Madison Beer;(G)I-DLE;Lexie Liu;Jaira Burns;Seraphine;League of Legends,MORE,72,217088,0.66,0.787,0.199,0.00257,142.018,k-pop,South Korea
3OC2C8IpFhbUJTeMe55QYn,ParadoXXX Invasion,ENHYPEN,MANIFESTO : DAY 1,72,187490,0.727,0.863,0.72,0.0298,94.952,k-pop,South Korea
0VES0jpNQEdRpD31gYDIMe,LAW (Prod. Czaer),Yoon Mirae;BIBI,Street Man Fighter Original Vol.3 (Mission by Rank),72,189373,0.756,0.9,0.55,0.00857,128.054,k-pop,South Korea
0BTaaKT4RMbs5M73tOHX5Y,Alcohol-Free,TWICE,Taste of Love,72,210573,0.688,0.909,0.702,0.0474,97.097,k-pop,South Korea
0oeVHAgY8Q7Mdce5Quj2G4,ILLELLA,MAMAMOO,MIC ON,72,166053,0.523,0.83,0.812,0.00359,173.931,k-pop,South Korea
01380RE6UfsPSdiUIwrCoH,MIC Drop (Steve Aoki Remix) - Full Length Edition,BTS;Steve Aoki,Love Yourself 結 'Answer',72,307675,0.606,0.85,0.542,0.0114,170.01,k-pop,South Korea
6fqaMyg066xlukvUJWdM2T,00:00 (Zero O’Clock),BTS,MAP OF THE SOUL : 7,72,250295,0.56,0.547,0.199,0.0806,157.962,k-pop,South Korea
7bxGcILuAjkZzaveU28ZJS,Save Me,BTS,The Most Beautiful Moment in Life: Young Forever,72,196505,0.613,0.822,0.54,0.0269,139.936,k-pop,South Korea
4lAE47gj539h8R1yxPhhGG,Airplane pt.2,BTS,Love Yourself 轉 'Tear',72,218614,0.77,0.817,0.866,0.0265,139.979,k-pop,South Korea
6pp6xf9zS55GD4nr318XUH,dimple,BTS,Love Yourself 承 'Her',72,196776,0.612,0.844,0.652,0.14,134.872,k-pop,South Korea
0aE3V0zgSD2YwkEHW42gxG,Burning Up (Fire),BTS,The Most Beautiful Moment in Life: Young Forever,72,203351,0.626,0.706,0.534,0.00225,99.939,k-pop,South Korea
5MTGPkmiUuud9NkA0sl2nI,Magic Shop,BTS,Love Yourself 轉 'Tear',72,275695,0.531,0.661,0.278,0.103,149.934,k-pop,South Korea
6L88EH68XwlaXwvChlTS41,Epiphany,BTS,Love Yourself 結 'Answer',72,240361,0.508,0.559,0.329,0.288,135.866,k-pop,South Korea
44tTqUi3xi7E28QLzHVdUA,Anti-Romantic,TOMORROW X TOGETHER,The Chaos Chapter: FREEZE,72,215188,0.641,0.489,0.206,0.0509,142.977,k-pop,South Korea
55Ctj6nVfobn9AcPe6sLG2,Like,BTS,2 Cool 4 Skool,72,231893,0.737,0.723,0.783,0.303,100.939,k-pop,South Korea
0YJFlxeHMUr9MxSDQVuQJA,My Time,BTS,MAP OF THE SOUL : 7,72,234457,0.674,0.641,0.664,0.149,99.91,k-pop,South Korea
7rXcCpIAoOUCydkVDMcoPV,INVU,TAEYEON,INVU - The 3rd Album,72,204973,0.599,0.816,0.399,0.0911,106.962,k-pop,South Korea
1Wcr8zrKqbUX0zwN8Dbr16,In the morning,ITZY,GUESS WHO,72,172373,0.846,0.814,0.722,0.0823,140.055,k-pop,South Korea
3sOEVB8DirQtZc0qhw8lJc,Queen of Hearts,TWICE,BETWEEN 1&2,72,186946,0.666,0.847,0.815,0.102,149.94,k-pop,South Korea
3Hz3tTQwOdM6XkA0ALB2G9,Feel Special,TWICE,Feel Special,72,206866,0.708,0.959,0.644,0.0296,128.981,k-pop,South Korea
2bZIDMpzVooosmPHn0tHnd,STEREOTYPE,STAYC,STEREOTYPE,71,191695,0.605,0.805,0.738,0.313,148.298,k-pop,South Korea
4JmbtS0Muijl37KP9lDscy,Heart Burn,SUNMI,Heart Burn,71,193173,0.84,0.656,0.783,0.0287,121.99,k-pop,South Korea
7ecbsiAQ6PNdiAq0hplVZo,Blessed-Cursed,ENHYPEN,DIMENSION : ANSWER,71,170805,0.604,0.886,0.401,0.0925,127.098,k-pop,South Korea
6O734u9qnz6B4gWMyszWhi,Silver Spoon,BTS,The Most Beautiful Moment in Life Pt.2,71,233160,0.65,0.879,0.536,0.00104,166.895,k-pop,South Korea
3tP6QKbXvtrxiDI7QwKyUf,STAY,BLACKPINK,SQUARE TWO,71,230322,0.63,0.432,0.343,0.551,87.959,k-pop,South Korea
7DEKa5Z7Cl8s3Y7imb88OM,The Truth Untold (feat. Steve Aoki),BTS;Steve Aoki,Love Yourself 轉 'Tear',71,242292,0.571,0.422,0.169,0.374,113.016,k-pop,South Korea
6AOrC7t2WS5ykYcnoHpiS2,Lonely Boy (The tattoo on my ring finger),TOMORROW X TOGETHER,minisode 2: Thursday's Child,71,168751,0.666,0.639,0.505,0.24,144.881,k-pop,South Korea
69WpV0U7OMNFGyq8I63dcC,Given-Taken,ENHYPEN,BORDER : DAY ONE,71,183090,0.631,0.649,0.459,0.17,108.07,k-pop,South Korea
7IkuRNVAjwXpZ2DheQHL4L,FIRE,EXID,X,71,207013,0.75,0.941,0.867,0.0111,129.978,k-pop,South Korea
28tufPkTcXmdNqTvi9hsoG,Pretty Savage,BLACKPINK,THE ALBUM,71,199122,0.699,0.588,0.35,0.00807,151.971,k-pop,South Korea
69BIczdH6QMnFx7dsSssN8,DDU-DU DDU-DU,BLACKPINK,SQUARE UP,71,209355,0.671,0.859,0.39,0.0313,139.931,k-pop,South Korea
5GKwq4sO5ZHKuWaDmdwMQc,Bad Boy,Red Velvet,The Perfect Red Velvet - The 2nd Album Repackage,71,210817,0.714,0.736,0.814,0.191,149.985,k-pop,South Korea
5GK7eDDTVz7CTge1wJrDQW,Kill This Love,BLACKPINK,Kill This Love,71,189052,0.738,0.861,0.58,0.318,131.98,k-pop,South Korea
0BJMgVrnWIvgYsjq8KaPeh,SCIENTIST,TWICE,Formula of Love: O+T=<3,71,194600,0.786,0.858,0.649,0.0487,112.999,k-pop,South Korea
52CBUrIdyf8tbZaUY9iawE,After School,Weeekly,We play,71,205373,0.634,0.928,0.738,0.00719,164.007,k-pop,South Korea
7eVu7FI02cTicLEgVtUvwF,ZOO,TAEYONG;JENO;HENDERY;YANGYANG;GISELLE,2021 Winter SMTOWN : SMCU EXPRESS,71,177413,0.823,0.923,0.629,0.127,122.922,k-pop,South Korea
5RjUtRlDonw3TBgGGMLC5b,Friends,BTS,MAP OF THE SOUL : 7,71,199338,0.55,0.747,0.649,0.0668,79.979,k-pop,South Korea
5dntGTbUtmUO239wQ0k3yM,Mmmh,KAI,KAI - The 1st Mini Album,71,192346,0.659,0.718,0.297,0.202,136.96,k-pop,South Korea
3NxuezMdSLgt4OwHzBoUhL,Way Back Home,SHAUN,Take,71,214136,0.745,0.739,0.556,0.405,99.913,k-pop,South Korea
7Ki0hse0IfXEcXUlpyECbJ,Blue & Grey,BTS,BE,71,254950,0.547,0.605,0.364,0.42,121.953,k-pop,South Korea
133ocfbXXG4HTk76qgSeUb,We are Bulletproof : the Eternal,BTS,MAP OF THE SOUL : 7,71,261542,0.522,0.574,0.176,0.224,84.044,k-pop,South Korea
3wQnyXNFXNUEOBt1pb4urq,I Need U,BTS,The Most Beautiful Moment in Life Pt.1,71,210986,0.478,0.88,0.707,0.0213,158.356,k-pop,South Korea
3d3ELsqKlQ7WA0a10Isu3l,LOVE SCENARIO,iKON,Return,71,209648,0.806,0.707,0.746,0.331,118.009,k-pop,South Korea
5vOT8VO87TAnUjh0oADwb1,Go Go,BTS,Love Yourself 承 'Her',71,235779,0.856,0.617,0.759,0.171,136.081,k-pop,South Korea
3wyrhwPpV8uhMMEms4vG3X,Not Today,BTS,You Never Walk Alone,71,231859,0.593,0.945,0.674,0.00174,110.023,k-pop,South Korea
4Aw8n6r2vuU0KUo1a2nftp,Louder than bombs,BTS,MAP OF THE SOUL : 7,71,217404,0.643,0.667,0.478,0.0432,145.999,k-pop,South Korea
6Upu6yjkdi0DVI8E3IBZEU,Don't Wanna Cry,SEVENTEEN,SEVENTEEN 4th Mini Album ‘Al1’,71,203426,0.781,0.683,0.722,0.164,100.005,k-pop,South Korea
4ROdFnoZNn2RTmwct0cVpx,Love Maze,BTS,Love Yourself 轉 'Tear',71,221529,0.637,0.876,0.759,0.0483,149.93,k-pop,South Korea
1lhm29o3syw122xynSKaAK,Love Me Like That,Sam Kim,"Nevertheless, (Original Television Soundtrack, Pt. 6)",71,211363,0.59,0.294,0.461,0.854,87.895,k-pop,South Korea
4b3rGL8LDSkbARUUA20136,VENOM,Stray Kids,ODDINARY,71,194840,0.812,0.807,0.4,0.11,136.979,k-pop,South Korea
1exxGxUMlJWD1h9YcE9YZH,Opening Sequence,TOMORROW X TOGETHER,minisode 2: Thursday's Child,71,177976,0.609,0.64,0.442,0.167,145.199,k-pop,South Korea
24nK8tW7Pt3Inh2utttuoG,HIP,MAMAMOO,reality in BLACK,71,195306,0.782,0.731,0.824,0.0376,138.032,k-pop,South Korea
2FymmKBuog0loCuNXMwQID,Ready to love,SEVENTEEN,SEVENTEEN 8th Mini Album 'Your Choice',70,186760,0.668,0.705,0.549,0.0274,129.984,k-pop,South Korea
0OCDOcvQvozjsivREMojzx,Mixtape : Time Out,Stray Kids,Mixtape : Time Out,70,175293,0.555,0.945,0.389,0.0453,160.006,k-pop,South Korea
1cdbkpZ3q1KYZDNSrOpdkb,Ice Cream (with Selena Gomez),BLACKPINK;Selena Gomez,THE ALBUM,70,175813,0.791,0.733,0.913,0.0305,159.974,k-pop,South Korea
6Ib6RkvLBMD85bov85apSL,DOMINO,Stray Kids,NOEASY,70,198720,0.687,0.866,0.696,0.0301,160.066,k-pop,South Korea
2mgzUVvDpb1zMSB4glLQ6T,Life's Too Short (English Version),aespa,Life's Too Short,70,178133,0.472,0.8,0.548,0.289,72.203,k-pop,South Korea
3bjg5cbmuwDoS7e2dAWyRG,Butterfly,BTS,The Most Beautiful Moment in Life Pt.2,70,238861,0.461,0.776,0.291,0.0149,149.985,k-pop,South Korea
1zoyteFQmeUUqyOl2Xznpy,Tamed-Dashed,ENHYPEN,DIMENSION : DILEMMA,70,196170,0.568,0.809,0.709,0.000253,155.029,k-pop,South Korea
474VqnPDr0251lsQBB8sQB,Butter - Megan Thee Stallion Remix,BTS;Megan Thee Stallion,Butter (Megan Thee Stallion Remix),70,164457,0.739,0.588,0.774,0.00308,109.958,k-pop,South Korea
2DmRXiyn03tOqKgEJXlaiJ,Oh my god,(G)I-DLE,I trust,70,195866,0.794,0.762,0.482,0.0358,109.97,k-pop,South Korea
2y6Ty2NPAsP84XJAtzLxuk,Chicken Noodle Soup (feat. Becky G),j-hope;Becky G,Chicken Noodle Soup (feat. Becky G),70,235497,0.827,0.817,0.167,0.00496,97.008,k-pop,South Korea
7lrqvdivAYRGEiO8JFP31G,Boy With Luv (Feat. Halsey),BTS;Halsey,MAP OF THE SOUL : 7,70,229773,0.645,0.862,0.803,0.0933,119.947,k-pop,South Korea
3UHPGOkUcE4hE7sqBF4Snt,Film out,BTS,Film out,70,214620,0.499,0.709,0.314,0.296,164.032,k-pop,South Korea
3LSjYk6sFQaLi0MjtWcm8P,Make It Right,BTS,MAP OF THE SOUL : PERSONA,70,226321,0.639,0.706,0.259,0.0104,105.782,k-pop,South Korea
1t2qYCAjUAoGfeFeoBlK51,Black Mamba,aespa,Black Mamba,70,174933,0.52,0.915,0.5,0.0618,90.069,k-pop,South Korea
5QGooKayQPVZMUDc8Qt3Dm,Left & Right,SEVENTEEN,Heng:garæ,70,201773,0.726,0.829,0.95,0.146,149.994,k-pop,South Korea
6KhAXXgDtEEahVzATvFNcn,Moon,BTS,MAP OF THE SOUL : 7,70,208589,0.704,0.646,0.64,0.0104,141.87,k-pop,South Korea
34OSqW5ULWxmCEMjJ1ZgVW,Anpanman,BTS,Love Yourself 轉 'Tear',70,232966,0.813,0.876,0.757,0.024,98.989,k-pop,South Korea
25MHcbjvSdcfTiFgbKJiZF,Inner Child,BTS,MAP OF THE SOUL : 7,70,233265,0.589,0.696,0.33,0.017,134.953,k-pop,South Korea
3G1aAxWS2Nd17FQs4PWV6X,Run,BTS,The Most Beautiful Moment in Life Pt.2,70,236748,0.554,0.878,0.55,0.00146,132.896,k-pop,South Korea
5BXr7hYZQOeRttkeWYTq5S,ASAP,STAYC,STAYDOM,70,194080,0.764,0.802,0.323,0.102,132.02,k-pop,South Korea
6Fnvi5QnVkTskSzeRvvQds,Telepathy,BTS,BE,70,202313,0.787,0.669,0.57,0.00782,104.994,k-pop,South Korea
6vo0dV9t7PCQZKsLFwVwZ5,Darl+ing,SEVENTEEN,Darl+ing,70,176546,0.71,0.686,0.483,0.296,96.06,k-pop,South Korea
1nWB8isqs2tviWk20G5pow,Lie,BTS,Wings,70,215752,0.541,0.779,0.501,0.00338,94.069,k-pop,South Korea
3JeLa5o0NxQjQHhVYaTLV0,CIRCUS (Korean Ver.),Stray Kids,MAXIDENT,70,194400,0.788,0.795,0.703,0.031,98.004,k-pop,South Korea
1ehags7lQMM1qX94VJkoaf,Not Shy,ITZY,Not Shy,70,177728,0.776,0.911,0.56,0.155,101.027,k-pop,South Korea
1MX0g22bQkr9HDVe37fLnN,134340,BTS,Love Yourself 轉 'Tear',70,230063,0.665,0.687,0.651,0.155,106.023,k-pop,South Korea
2e3cJdJ8xWwydl8JIYlCqB,Love Talk - English Version,WayV,Love Talk (English Version),69,232150,0.751,0.719,0.437,0.142,98.01,k-pop,South Korea
3zmrdOtnOogqLllz26WLZ3,Deja Vu,ATEEZ,ZERO : FEVER Part.3,69,196670,0.692,0.835,0.566,0.0517,80.017,k-pop,South Korea
1rqb2FCXVn2HNL1afJEnTr,9 and Three Quarters (Run Away),TOMORROW X TOGETHER,The Dream Chapter: MAGIC,69,211866,0.639,0.756,0.531,0.0055,128.931,k-pop,South Korea
3gAXVQOR0h7Ks71lsr5MFZ,Animal Farm,BIBI,Animal Farm,69,203945,0.617,0.57,0.375,0.0178,107.971,k-pop,South Korea
6mzF8HvHdVrzJNd8M1uFCS,Beautiful,Crush,"Guardian (Original Television Soundtrack), Pt. 4",69,227583,0.416,0.41,0.219,0.843,110.252,k-pop,South Korea
4XcxgZSriCYamtIA7BgT7V,BTBT,B.I;Soulja Boy;DeVita,BTBT,69,219549,0.766,0.664,0.509,0.334,109.946,k-pop,South Korea
6SpPr7K4YQ2wp8jU6uOTmQ,Queendom,Red Velvet,Queendom - The 6th Mini Album,69,181760,0.695,0.896,0.508,0.179,119.959,k-pop,South Korea
0hxeouHqP3qzpTHerA7ha2,Dis-ease,BTS,BE,69,239722,0.731,0.845,0.484,0.0132,101.085,k-pop,South Korea
1WKLxJpDqkQ9x1qEDNutoX,2 Baddies,NCT 127,2 Baddies - The 4th Album,69,230293,0.596,0.921,0.529,0.153,171.96,k-pop,South Korea
0mZI1NpihIVcho2f9MmqSW,Trivia 轉 : Seesaw,BTS,Love Yourself 結 'Answer',69,246334,0.707,0.791,0.674,0.179,106.985,k-pop,South Korea
4as4XEOR03oGm1STUKl6pa,BBIBBI,IU,BBIBBI,69,194426,0.839,0.617,0.821,0.241,143.894,k-pop,South Korea
0eG3b2T3SXtPAhD9LLm8xA,Same Scent,ONEUS,MALUS,69,192786,0.65,0.914,0.725,0.112,98.984,k-pop,South Korea
2WH4oy1SYppZrcdgKwSA0j,Make It Right (feat. Lauv),BTS;Lauv,Make It Right (feat. Lauv),69,226321,0.583,0.68,0.343,0.0304,97.568,k-pop,South Korea
5C6A1WXVfKvBBQmaFFnBgs,Best Of Me,BTS,Love Yourself 承 'Her',69,227191,0.655,0.756,0.469,0.0298,121.936,k-pop,South Korea
4DYIDSMIB5y2UmZFv9fxeX,Dance The Night Away,TWICE,Summer Nights,69,180800,0.709,0.861,0.779,0.106,118.089,k-pop,South Korea
26OVhEqFDQH0Ij77QtmGP9,YES or YES,TWICE,YES or YES,69,237680,0.702,0.913,0.735,0.0514,137.981,k-pop,South Korea
6S2gYweMmT6xygVh5q3QLa,House of Cards - Full Length Edition,BTS,The Most Beautiful Moment in Life: Young Forever,69,226212,0.367,0.668,0.384,0.336,104.961,k-pop,South Korea
5awNIWVrh2ISfvPd5IUZNh,PTT (Paint The Town),LOONA,[&],69,201120,0.781,0.814,0.546,0.0735,124.028,k-pop,South Korea
46WaBBaEHzgbN88Ew0nh50,MAGO,GFRIEND,回:Walpurgis Night,69,199133,0.621,0.821,0.646,0.00548,120.062,k-pop,South Korea
2QZe2H1f03t5PJWEMg2Mbe,UGH!,BTS,MAP OF THE SOUL : 7,69,225012,0.72,0.824,0.333,0.0394,165.996,k-pop,South Korea
2X3UgVLSA4wYriGIQyYmMA,Answer : Love Myself,BTS,Love Yourself 結 'Answer',69,251279,0.568,0.793,0.45,0.189,108.051,k-pop,South Korea
3Bgl1xMI00capuTqUHBNUW,Valley of Lies,TOMORROW X TOGETHER;iann dior,Valley of Lies,69,184093,0.753,0.743,0.96,0.286,140.004,k-pop,South Korea
6CdUgvL597jWmW4w8P5kHs,Fine,TAEYEON,My Voice - The 1st Album,69,209157,0.36,0.565,0.311,0.358,173.281,k-pop,South Korea
4Dr2hJ3EnVh2Aaot6fRwDO,Blueming,IU,Love poem,69,217053,0.819,0.674,0.682,0.0849,106.032,k-pop,South Korea
6t7WriKgVszATnrdBKSUAf,Just One Day,BTS,Skool Luv Affair,69,239469,0.685,0.713,0.301,0.179,95.092,k-pop,South Korea
7HYJqAMbKDJYRyEfUGOCBB,I'm Fine,BTS,Love Yourself 結 'Answer',68,240339,0.511,0.84,0.303,0.00852,87.605,k-pop,South Korea
1YO4xJXhh9A1Feg9k8xuy2,Paradise,BTS,Love Yourself 轉 'Tear',68,211223,0.551,0.828,0.928,0.214,139.662,k-pop,South Korea
3Ys2PYl1wyPKQIwyqhP9cQ,Stay Gold,BTS,MAP OF THE SOUL : 7 ~ THE JOURNEY ~,68,243266,0.723,0.634,0.582,0.0892,129.017,k-pop,South Korea
2Wkm4JBcIV2uSuu4qlbqFN,Dionysus,BTS,MAP OF THE SOUL : PERSONA,68,249215,0.502,0.91,0.588,0.04,176.084,k-pop,South Korea
7jPCPDYoiaKeK7cgNGpIzq,Dope,BTS,The Most Beautiful Moment in Life Pt.1,68,240020,0.595,0.89,0.62,0.0486,154.071,k-pop,South Korea
4gMPlHHAjOQnUrhsuqHivn,To My Youth,BOL4,Red Diary Page.1,68,222680,0.424,0.564,0.441,0.685,173.334,k-pop,South Korea
3dI59jLoFMjMAyUAyRZnkE,BANG BANG BANG,BIGBANG,MADE,68,220177,0.69,0.843,0.428,0.0167,135.01,k-pop,South Korea
3TZ7NHkMT82AhwuYsd00Hz,Your eyes tell,BTS,MAP OF THE SOUL : 7 ~ THE JOURNEY ~,68,245146,0.449,0.491,0.258,0.279,139.923,k-pop,South Korea
7BiEgR5r0yMmFoWC9kOTGf,DON QUIXOTE,SEVENTEEN,SEVENTEEN 4th Album 'Face the Sun',68,172360,0.733,0.837,0.606,0.0671,76.453,k-pop,South Korea
0Z99Xe1lGBmq60RwJ5YU18,PING PONG,HyunA&DAWN,1+1=1,68,158253,0.855,0.87,0.863,0.0122,103.028,k-pop,South Korea
0wqqe8k13bJPxRt7FEmnwS,So What,BTS,Love Yourself 轉 'Tear',68,281520,0.657,0.883,0.461,0.0238,129.943,k-pop,South Korea
27zrFrtUtWl2urlvjOn5xc,Say Yes,Loco;Punch,"Moonlovers - Scarlet Heart Ryeo (Original Television Soundtrack), Pt. 2",68,218897,0.696,0.778,0.41,0.352,94.996,k-pop,South Korea
3ejAkJLWQSEJDqDXxK3efB,DUN DUN,EVERGLOW,reminiscence,68,192280,0.692,0.881,0.432,0.0457,103.053,k-pop,South Korea
2FA4veLVh3jf7O8q5VhNh5,Somebody!,Loco;Hwa Sa,Somebody,68,177413,0.719,0.683,0.768,0.329,105.02,k-pop,South Korea
0IEVKWduAaMcZepZQVr80T,Likey,TWICE,Twicetagram,68,207813,0.723,0.903,0.443,0.413,132.006,k-pop,South Korea
0Puudh380z6cOCgMaTNm7h,Future,j-hope,Jack In The Box,68,139308,0.717,0.822,0.764,0.0652,102.042,k-pop,South Korea
6mIjJONoUMvGPT9Kzrab3L,LA DI DA,EVERGLOW,-77.82x-78.29,68,210893,0.477,0.85,0.601,0.00108,163.845,k-pop,South Korea
5rNZsITjXf23iFkRA924FV,Intro: Singularity,BTS,Love Yourself 轉 'Tear',68,196998,0.775,0.272,0.198,0.56,103.991,k-pop,South Korea
04CHEoMbrLOiX8co3EG5dO,Thursday's Child Has Far To Go,TOMORROW X TOGETHER,minisode 2: Thursday's Child,68,211399,0.631,0.762,0.668,0.049,167.14,k-pop,South Korea
2cUzIBGMvx2BZ2Q1fzjdl1,NUNU NANA,Jessi,NUNA,68,195836,0.743,0.689,0.504,0.0198,104.936,k-pop,South Korea
6B8MM3PVQtUbZLay7tP7er,Hot Sauce,NCT DREAM,Hot Sauce - The 1st Album,68,195813,0.769,0.926,0.551,0.0127,100.034,k-pop,South Korea
2On611HXKQAbaYkuc4NQAm,Pandora's Box,j-hope,Jack In The Box,68,156291,0.785,0.807,0.228,0.198,96.981,k-pop,South Korea
3omvXShuRPM3zbDpWYqf5g,MORE & MORE,TWICE,MORE & MORE,68,199653,0.739,0.841,0.562,0.0312,106.99,k-pop,South Korea
00I41xsW6SunZDJ5fB8KAd,Safety Zone,j-hope,Jack In The Box,68,165340,0.676,0.742,0.694,0.561,77.071,k-pop,South Korea
3hm4axDodp2jFEDohQfXxV,It's You,Henry,당신이 잠든 사이에 Pt. 2 Original Television Soundtrack,68,231642,0.545,0.468,0.279,0.637,76.045,k-pop,South Korea
5nCwjUUsmBuNZKn9Xu10Os,Celebrity,IU,IU 5th Album 'LILAC',68,195546,0.73,0.784,0.673,0.191,99.995,k-pop,South Korea
60jFaQV7Z4boGC4ob5B5c6,TT,TWICE,Twicecoaster: Lane 1,68,212986,0.708,0.852,0.396,0.0525,129.946,k-pop,South Korea
38rUIlTX93Aoif3WcY1wv6,DALLA DALLA,ITZY,IT'z Different,68,199873,0.79,0.853,0.713,0.00116,125.0,k-pop,South Korea
5quFr5s5PXYfUX5jV2EBZ1,GANADARA (Feat. IU),Jay Park;IU,GANADARA,68,203727,0.492,0.615,0.458,0.196,90.081,k-pop,South Korea
4eqHEzFsCCiGALC1MHbqnU,Coffee,BTS,"O!RUL8,2?",67,260433,0.656,0.798,0.573,0.00862,92.031,k-pop,South Korea
2ecGP5xUE5126x6yHa7J6E,Can't You See Me?,TOMORROW X TOGETHER,The Dream Chapter: ETERNITY,67,201445,0.59,0.818,0.664,0.0584,139.925,k-pop,South Korea
1D6lK8qADoErTTLkY4YBfM,Everytime,CHEN;Punch,Descendants Of The Sun Pt.2 (Original Television Soundtrack),67,189355,0.514,0.736,0.495,0.483,90.002,k-pop,South Korea
2I0LNCqlQpAPJlwOEWaefE,She's In The Rain,The Rose,Dawn,67,237576,0.507,0.533,0.429,0.379,92.916,k-pop,South Korea
1iIhGHzzrzqQfuNkFI2qAn,Any song,ZICO,Any song,67,227226,0.874,0.787,0.896,0.118,108.007,k-pop,South Korea
4gZGAVECoiutzp64KSHNjE,MIC Drop,BTS,Love Yourself 承 'Her',67,238193,0.667,0.889,0.541,0.00912,169.961,k-pop,South Korea
6k67RdkVjTZj79c1cRz7IQ,WONDERLAND,ATEEZ,TREASURE EP.FIN: All To Action,67,199013,0.572,0.964,0.519,0.0503,129.979,k-pop,South Korea
2xeaHUnzzT5Kc974OQt1kA,SHOOT!,ITZY,GUESS WHO,67,139213,0.852,0.762,0.907,0.333,131.958,k-pop,South Korea
5npCUsfrlhdyjxyCa32maW,Christmas EveL,Stray Kids,Christmas EveL,67,178529,0.878,0.777,0.878,0.0437,139.989,k-pop,South Korea
1NHl9g36Ebu3g16y0vtUNV,Fly To My Room,BTS,BE,67,222242,0.764,0.526,0.588,0.0484,114.91,k-pop,South Korea
7om4LRoSct9hiMPo0fPn7m,Interlude : Shadow,BTS,MAP OF THE SOUL : 7,67,259821,0.384,0.798,0.146,0.115,149.854,k-pop,South Korea
2Pp9osgyIcw6o1avfDDDhH,Forever Young,BLACKPINK,SQUARE UP,67,237076,0.592,0.961,0.508,0.0423,109.826,k-pop,South Korea
1jZZm43y7RPuwjJQ5LrGHe,Jump,BTS,Skool Luv Affair,67,236488,0.495,0.974,0.763,0.0349,102.077,k-pop,South Korea
6rurduYegrf5XSZrphuyF2,Circles,SEVENTEEN,SEVENTEEN 4th Album Repackage 'SECTOR 17',67,239613,0.65,0.456,0.475,0.659,82.063,k-pop,South Korea
3LTwMQ9kkn5VVhP3jipBlR,Stigma,BTS,Wings,67,216063,0.566,0.475,0.335,0.148,136.442,k-pop,South Korea
6c1QaQHdDhtFMfUkhueuXK,Monster,Red Velvet - IRENE & SEULGI,Monster - The 1st Mini Album,67,178413,0.631,0.748,0.351,0.212,115.665,k-pop,South Korea
70sKIAQgaVN2zWEEyOpyMZ,All Night (BTS World Original Soundtrack) [Pt. 3],BTS;Juice WRLD,All Night (BTS World Original Soundtrack) [Pt. 3],67,216873,0.725,0.706,0.667,0.193,120.042,k-pop,South Korea
7GbUWl6qLW1gdngbEV2WDJ,Monster,EXO,EX'ACT,67,221341,0.618,0.76,0.541,0.0066,150.0,k-pop,South Korea
42tFTth2jcF7iSo0RBjfJF,Peek-A-Boo,Red Velvet,Perfect Velvet - The 2nd Album,67,189049,0.839,0.902,0.639,0.0868,114.953,k-pop,South Korea
56sdcbPR74RxqmKVbQzJ8s,Daydream (백일몽),j-hope,Hope World,67,228759,0.749,0.961,0.859,0.00512,116.037,k-pop,South Korea
0TdWVbcerMAcvljXrl9gpG,Stay,BTS,BE,67,204800,0.582,0.693,0.341,0.114,125.904,k-pop,South Korea
7cgWWkpUaS94xoWI8lMGiI,Jamais Vu,BTS,MAP OF THE SOUL : PERSONA,67,227275,0.608,0.47,0.241,0.226,81.0,k-pop,South Korea
19t5GSN3XsLB7UOsZD8Fwv,CLAP,SEVENTEEN,"SEVENTEEN 2ND ALBUM 'TEEN, AGE' (2)",67,167797,0.722,0.918,0.831,0.141,100.024,k-pop,South Korea
1fNwwml8UcKvhfM6YEVIRh,What if…,j-hope,Jack In The Box,67,136063,0.694,0.75,0.184,0.00421,96.654,k-pop,South Korea
0jFHMDRXxKaREor3hBEEST,Gashina,SUNMI,SUNMI SPECIAL EDITION [Gashina],67,180000,0.722,0.833,0.53,0.0556,93.941,k-pop,South Korea
3Gk1LfB771PIEGgsEa7gcV,Love To Hate Me,BLACKPINK,THE ALBUM,67,169797,0.689,0.656,0.623,0.0365,162.269,k-pop,South Korea
3FnDv33WrrMtuEr7hNR3ev,Boy in Luv,BTS,Skool Luv Affair,67,230778,0.491,0.947,0.474,0.00261,166.236,k-pop,South Korea
2X45nVBeYzmDlrXji9Av0Q,"Love, Maybe",MeloMance,"Love, Maybe (A Business Proposal OST Special Track)",67,185000,0.402,0.731,0.631,0.508,171.594,k-pop,South Korea
6BskTMfDjXVzeqQHOau5Vi,Epilogue: Young Forever,BTS,The Most Beautiful Moment in Life: Young Forever,67,171803,0.606,0.815,0.386,0.04,88.054,k-pop,South Korea
2shyarF21wZvWew00TdaP3,Rose - English Version,D.O.,공감 (Empathy) - The 1st Mini Album,66,153706,0.616,0.395,0.631,0.379,74.422,k-pop,South Korea
2BPXILn0MqOe5WroVXlvN1,I Will Go To You Like the First Snow,AILEE,"Guardian (Original Television Soundtrack), Pt. 9",66,229678,0.497,0.431,0.167,0.66,133.675,k-pop,South Korea
2xo84jGkxFPrZmmBtS3Pkd,Lonely St.,Stray Kids,ODDINARY,66,164853,0.686,0.825,0.603,0.248,90.053,k-pop,South Korea
0ErzcmZ2gIwX7X0xSMQPix,BOSS,NCT;NCT U,NCT 2018 EMPATHY,66,210641,0.787,0.543,0.332,0.0233,99.026,k-pop,South Korea
00J8yszzb5PR6ZIvSBtg0Y,You Never Know,BLACKPINK,THE ALBUM,66,229201,0.527,0.462,0.334,0.227,144.573,k-pop,South Korea
7bi5vk9KoY6Flkat31ViYD,Crazy Over You,BLACKPINK,THE ALBUM,66,161945,0.805,0.66,0.617,0.0367,114.954,k-pop,South Korea
7G6WuVZuTbF6JcnA9wOvsD,Secret Story of the Swan,IZ*ONE,Oneiric Diary,66,192333,0.703,0.941,0.758,0.131,102.969,k-pop,South Korea
0zzRxtfO5FGxKdqq4OKmlw,Danger,BTS,Dark & Wild,66,245140,0.738,0.868,0.377,0.000907,111.991,k-pop,South Korea
2LVw2bIK99go1NdD77dUCW,Outro : Ego,BTS,MAP OF THE SOUL : 7,66,196198,0.808,0.903,0.473,0.0121,116.988,k-pop,South Korea
1OqDvYVDhJyFZny7XlfIyZ,Let Go,BTS,FACE YOURSELF,66,299706,0.558,0.863,0.388,0.17,173.908,k-pop,South Korea
3RsEvBUaNT9MXqUvQVuK1G,Cat & Dog,TOMORROW X TOGETHER,The Dream Chapter: STAR,66,187573,0.843,0.794,0.319,0.0637,160.005,k-pop,South Korea
5FiXhM80sP4yg6tEnHkZZn,HWAA,(G)I-DLE,I burn,66,197320,0.384,0.868,0.233,0.0458,95.027,k-pop,South Korea
6SQUopvuZyrWYjYayxxSXl,Rollin',Brave Girls,Rollin',66,197746,0.691,0.859,0.541,0.0302,124.958,k-pop,South Korea
2ZMkjvuOQOD9HLplTDjbTA,XOXO,JEON SOMI,XOXO,66,207650,0.703,0.611,0.527,0.0705,144.991,k-pop,South Korea
089PFeXotzDLNQz9NCk6pF,No More Dream,BTS,2 Cool 4 Skool,66,222066,0.438,0.864,0.594,0.0118,167.898,k-pop,South Korea
56Cmy1rCQ35V2Q7groYiHl,그대라는 시,TAEYEON,Hotel del Luna (Original Television Soundtrack) Pt.3,66,209482,0.533,0.292,0.472,0.914,135.624,k-pop,South Korea
7lB4rxNVc7vm33ZSZXVRAQ,CHEER UP,TWICE,Page Two,66,208853,0.551,0.885,0.509,0.139,172.95,k-pop,South Korea
0bGJHUPR6ems9tzIljlPFR,Begin,BTS,Wings,66,229740,0.566,0.842,0.308,0.00357,131.05,k-pop,South Korea
0EmYZZ8OqeALedVhijSjsg,CROWN,TOMORROW X TOGETHER,The Dream Chapter: STAR,66,230706,0.623,0.8,0.58,0.0497,110.979,k-pop,South Korea
3BPoSr2pO34Aan6alFfVto,BBoom BBoom,MOMOLAND,GREAT!,66,208863,0.785,0.744,0.833,0.0149,126.018,k-pop,South Korea
2ujA6F1cpk3m8lsPE5aKua,The Eve,EXO,THE WAR - The 4th Album,66,176026,0.636,0.702,0.516,0.0223,135.104,k-pop,South Korea
0WtM2NBVQNNJLh6scP13H8,Calm Down (with Selena Gomez),Rema;Selena Gomez,Calm Down (with Selena Gomez),92,239317,0.801,0.806,0.802,0.382,106.999,pop,West Africa
1zi7xx7UVEFkmKfv06H8x0,One Dance,Drake;Wizkid;Kyla,Views,85,173986,0.792,0.625,0.37,0.00776,103.967,hip-hop,West Africa
0HaRLPnr887lcQM2YQzkff,For My Hand (feat. Ed Sheeran),Burna Boy;Ed Sheeran,"Love, Damini",83,159123,0.87,0.479,0.717,0.161,104.059,dancehall,West Africa
5YbPxJwPfrj7uswNwoF1pJ,Last Last,Burna Boy,"Love, Damini",83,172342,0.795,0.565,0.55,0.131,87.925,dancehall,West Africa
5FG7Tl93LdH117jEKYl3Cm,Essence (feat. Tems),Wizkid;Tems,Made In Lagos,75,248040,0.849,0.707,0.602,0.0266,104.027,dancehall,West Africa
1PoJXULCvl03b1fiZmMxmd,On the Low,Burna Boy,African Giant,74,185898,0.816,0.781,0.937,0.692,99.95,dancehall,West Africa
2pUlBBWq8R10ylbBvZJV9j,Bad To Me,Wizkid,Bad To Me,73,176850,0.859,0.822,0.908,0.07,110.045,dancehall,West Africa
7rpWDu9GPlLxbLorYKVys7,Gbona,Burna Boy,African Giant,72,187609,0.798,0.813,0.942,0.564,93.912,dancehall,West Africa
6tTeRmhhuwDl5Y4UiJdHuO,attention,Omah Lay;Justin Bieber,attention,68,180563,0.817,0.72,0.384,0.172,119.989,dancehall,West Africa
1mSdbey7RstGLY2udgXv74,Essence (feat. Justin Bieber & Tems),Wizkid;Justin Bieber;Tems,Essence (feat. Justin Bieber & Tems),68,263288,0.835,0.691,0.581,0.0159,103.999,dancehall,West Africa
6jdTkoEaer7XNGSblczoSu,Mood (feat. BNXN),Wizkid;BNXN fka Buju,Made In Lagos: Deluxe Edition,68,209760,0.897,0.7,0.755,0.0193,101.944,dancehall,West Africa
51mLQ3w7yR7vjdSTFLWaY5,Ginger (feat. Burna Boy),Wizkid;Burna Boy,Made In Lagos,67,196146,0.545,0.749,0.681,0.103,100.503,dancehall,West Africa
6oOCGD2Sp9UTcDsuDz8Hdu,understand,Omah Lay,Boy Alone,67,174545,0.697,0.653,0.627,0.166,99.982,dancehall,West Africa
0cE68B5sCz9f3snJ5ueTGZ,Cloak & Dagger (feat. J Hus),Burna Boy;J Hus,"Love, Damini",66,211050,0.62,0.601,0.46,0.154,103.748,dancehall,West Africa
3Yt1ovsh3v3VEzRuhI1TL5,Joro,Wizkid,Joro,66,262736,0.686,0.694,0.587,0.253,189.998,dancehall,West Africa
3ketN3dth18vSJ1T3HIztN,B. D’OR (feat. Wizkid),Burna Boy;Wizkid,B. D’OR (feat. Wizkid),66,189800,0.873,0.658,0.483,0.00858,104.033,dancehall,West Africa
2cgamRofJ1iWxAHD801DNu,Wild Dreams (feat. Khalid),Burna Boy;Khalid,"Love, Damini",66,186189,0.515,0.612,0.401,0.0344,126.106,dancehall,West Africa
7vQYsdVQMbB8d8DSxtHSgr,Power (Remember Who You Are) - From The Flipper’s Skate Heist Short Film,SPINALL;Äyanna;DJ Snake;Summer Walker,Power (Remember Who You Are) [From The Flipper’s Skate Heist Short Film],65,205530,0.651,0.766,0.192,0.00503,150.68,dancehall,West Africa
1XhaUSmhANVIRtDvs7p2UP,Solid (feat. Blxst & Kehlani),Burna Boy;Blxst;Kehlani,"Love, Damini",65,195134,0.554,0.509,0.718,0.149,199.874,dancehall,West Africa
0jjH8vwVEENKNpDPWWOwuK,Vanilla,Burna Boy,"Love, Damini",65,155466,0.806,0.675,0.719,0.236,100.006,dancehall,West Africa
4pR4oQJULf7FDB54TleMyH,Jireh (My Provider),Limoblaze;Lecrae;Happi,Jireh (My Provider),64,168000,0.443,0.778,0.628,0.241,128.25,afrobeat,West Africa
5B4gUqNKYgU38ULSWP5Bzj,Sete,BLOND:ISH;Francis Mercier;Amadou & Mariam,Sete,63,209760,0.736,0.827,0.814,0.0199,125.008,disco,West Africa
1wADwLSkYhrSmy4vdy6BRn,soso,Omah Lay,Boy Alone,63,183056,0.711,0.725,0.53,0.424,105.016,dancehall,West Africa
44SSviC4R1TkAdsyptjDpE,Anybody,Burna Boy,African Giant,63,188741,0.863,0.882,0.643,0.0134,103.988,dancehall,West Africa
2dGE7HMvZEjuNxzz4IDLyL,Jagele,Burna Boy,"Love, Damini",63,182037,0.726,0.617,0.629,0.0475,189.953,dancehall,West Africa
7u0z6FcJDqkZwdpqAqUzmO,Vibration,Fireboy DML,"Laughter, Tears & Goosebumps",62,198461,0.791,0.828,0.883,0.466,103.983,dancehall,West Africa
5nUiz96J8ZSmwoSuL4sGvh,Gum Body (feat. Jorja Smith),Burna Boy;Jorja Smith,African Giant,62,195073,0.747,0.624,0.755,0.182,97.053,dancehall,West Africa
5srIkb35ees5dhgjK3zdfz,Collateral Damage,Burna Boy,African Giant,62,197558,0.74,0.852,0.903,0.51,102.015,dancehall,West Africa
0s5nhb6ts6uCKAVnGg46y6,Different Size (feat. Victony),Burna Boy;Victony,"Love, Damini",62,209968,0.731,0.755,0.838,0.6,107.973,dancehall,West Africa
5v8Fxy6Zw8gOzi802lpDOt,woman,Omah Lay,Boy Alone,62,168742,0.831,0.601,0.492,0.386,104.068,dancehall,West Africa
18t2ofQiViidZHxOBVjpD1,Koroba,Tiwa Savage,Celia,61,153876,0.85,0.645,0.93,0.358,104.022,dancehall,West Africa
1UM3RVanAaakxcx9GkfNTL,KOLO (feat. Oxlade),Ice Prince;Oxlade,KOLO (feat. Oxlade),61,168013,0.629,0.741,0.816,0.532,103.715,dancehall,West Africa
3QO1m6i0nsrp8aOnapvbkx,Blessed (feat. Damian Marley),Wizkid;Damian Marley,Made In Lagos,61,262973,0.612,0.651,0.902,0.0864,90.272,dancehall,West Africa
6wwT3PgG3eFuKCpxzjMJFs,Rotate,Becky G;Burna Boy,Rotate,60,201940,0.91,0.856,0.771,0.0346,109.029,reggae,West Africa
2RnkJgwCzgvQU3MUysO1fG,Kolo Kolo,Patoranking;Diamond Platnumz,Kolo Kolo,60,195135,0.557,0.845,0.542,0.0284,127.432,dancehall,West Africa
6UbWYuDxDYmYYhsNYuYPPC,Rollercoaster (feat. J Balvin),Burna Boy;J Balvin,"Love, Damini",60,187269,0.774,0.687,0.791,0.116,98.993,dancehall,West Africa
6hyTI3In7vu6fqFRoypcuz,Common Person,Burna Boy,"Love, Damini",60,210346,0.703,0.674,0.592,0.636,97.021,dancehall,West Africa
6kxo2n2WY48fAhLuiwYOAb,Sere - Remix,SPINALL;Fireboy DML;6LACK,Sere (Remix),60,194181,0.778,0.66,0.747,0.156,110.016,dancehall,West Africa
48BBynvMm4jmI7hZ9hgPtU,One Side,Iyanya,One Side,59,161626,0.815,0.755,0.763,0.749,102.978,dancehall,West Africa
6qk3jI8bKCgURI3h0d8zBZ,Again,Wande Coal,Realms,59,156083,0.654,0.39,0.552,0.688,125.944,dancehall,West Africa
35056uy2b4M1qJ3Z1ed3sf,Sere,SPINALL;Fireboy DML,Grace,59,185454,0.711,0.679,0.642,0.077,109.971,dancehall,West Africa
1AtBzcUzKLh4BGwXhFA9K6,Ojuelegba,Wizkid,Ayo,59,216242,0.645,0.748,0.903,0.154,100.056,dancehall,West Africa
4FtuDjqmTPP9mjxygLKzEm,Omo,Burna Boy,African Giant,58,147143,0.895,0.718,0.88,0.246,100.036,dancehall,West Africa
20hZEnFjyvUIk4YkONRGMZ,Lo Lo,Omah Lay,Get Layd,58,171730,0.725,0.704,0.483,0.0636,204.004,dancehall,West Africa
51psaXOJAkOUdRQrp2Wjsa,Leg Over,Mr Eazi,"Life is Eazi, Vol. 1 - Accra To Lagos",58,197972,0.591,0.673,0.584,0.603,97.827,dancehall,West Africa
2SaRkvUkzNzL39fBB2hLpt,PALAZZO,SPINALL;Asake,PALAZZO,58,186002,0.819,0.659,0.441,0.0534,116.054,dancehall,West Africa
6gHUiXF4BiJ9d7biTNmdKR,The Mood,Timaya,Chulo Vibes,58,161684,0.607,0.586,0.921,0.307,126.715,dancehall,West Africa
3iRKwxW8ZDjmL9nKk3nisz,Jaiye Foreign,Tiwa Savage;Zinoleesky,Jaiye Foreign,58,190164,0.82,0.816,0.861,0.0216,108.98,dancehall,West Africa
1kd8fI9o55GNWvNOfzKcz5,Legalize,Mr Eazi,Legalize,58,146249,0.574,0.648,0.559,0.361,132.418,dancehall,West Africa
3Z9B9GQ2fFx4IRCG8bbWys,Somebody’s Son (Ft Brandy),Tiwa Savage;Brandy,Water & Garri,57,218130,0.705,0.809,0.508,0.145,107.21,dancehall,West Africa
5s7j77zpP6e9uz2Q1DU851,I Like (feat. WizKid),Kojo Funds;Wizkid,I Like (feat. WizKid),57,192784,0.496,0.833,0.63,0.268,134.944,dancehall,West Africa
3PnkEOvEKu7s2qQJ5mHpNl,Come My Way,Wande Coal,Come My Way,57,208718,0.9,0.762,0.802,0.742,113.006,dancehall,West Africa
5Zez1biAREA2C8706kdlIb,Like (feat. Kizz Daniel),Iyanya;Davido;Kizz Daniel,Like (feat. Kizz Daniel),57,150545,0.745,0.709,0.791,0.0359,109.961,dancehall,West Africa
5jqh2kAjz4GxjOS3HHSz17,Bank On It,Burna Boy,Twice As Tall,57,276536,0.784,0.388,0.472,0.29,93.011,dancehall,West Africa
73e0LixjWj3e8prfptVeGD,More Life,Burna Boy,Outside,57,92342,0.834,0.536,0.962,0.546,99.924,dancehall,West Africa
1IARNA3zsu39Kul2ov9n3J,King,Fireboy DML,"Laughter, Tears & Goosebumps",56,165040,0.856,0.596,0.588,0.242,99.986,dancehall,West Africa
6pdip6qgVJOI5JxqgbAlu6,JA ARA E,Burna Boy,The Lion King: The Gift,56,190108,0.79,0.693,0.855,0.042,91.991,dancehall,West Africa
33dN3Nd9aRz4nzha4oIGnX,Godly,Omah Lay,What Have We Done,56,175215,0.64,0.574,0.538,0.138,198.014,dancehall,West Africa
6prqX1SW2MMH8hAOIzKQ3Z,Dance For Me (Eugy X Mr Eazi),Eugy;Mr Eazi,Dance For Me (Eugy X Mr Eazi),56,204173,0.774,0.685,0.587,0.154,106.982,dancehall,West Africa
1xx7iMgSyLnbDUi170lVbb,Attention (with Justin Bieber) - Disclosure Remix,Omah Lay;Disclosure;Justin Bieber,Attention (with Justin Bieber) [Disclosure Remix],56,256644,0.633,0.891,0.172,0.0375,124.043,dancehall,West Africa
5mN3xSyvCmFy1jkdA98IfS,Fever,Wizkid,Fever,56,252244,0.755,0.806,0.892,0.544,98.008,dancehall,West Africa
4DPvMjCqZPTBDpahYjMSy2,Whiskey,Burna Boy,"Love, Damini",56,203576,0.679,0.455,0.838,0.0492,134.81,dancehall,West Africa
163l4xzEe3JAfPbv0kYNQo,Question (feat. Don Jazzy),Burna Boy;Don Jazzy,Question (feat. Don Jazzy),55,168461,0.847,0.527,0.746,0.0854,104.052,dancehall,West Africa
5PRU9ErsMVSRNzDeczXanb,Saudi Arabia,Mr Eazi,Something Else,55,119290,0.815,0.565,0.705,0.213,103.955,dancehall,West Africa
3uaObCyjKCjktezgA5MBX1,Personally - Bonus,P-Square,Double Trouble,55,192885,0.567,0.74,0.963,0.0785,162.573,dancehall,West Africa
6mAdcIFP25eb37HjkzglSh,Steady,Wizkid,Made In Lagos: Deluxe Edition,55,203026,0.735,0.511,0.755,0.392,94.972,dancehall,West Africa
4pKxSb1G8lArMWLqFCSPUz,Live Life,Show Dem Camp;Tems,Palmwine Music 3,54,221399,0.861,0.658,0.535,0.0218,100.003,dancehall,West Africa
1M65Sv8RxdOpTiKKqjphxf,How Bad Could It Be,Burna Boy,"Love, Damini",54,297651,0.421,0.573,0.549,0.496,84.782,dancehall,West Africa
4lzkcjVC7xT3HBIg2PjJ30,Ghetto Love,Wizkid,Ghetto Love,54,198367,0.807,0.774,0.767,0.206,98.048,dancehall,West Africa
4GW2SIyvB5fy8xtK1eO8PS,Low,Larry Gaaga;Wizkid,Low,54,233012,0.762,0.587,0.772,0.62,101.964,dancehall,West Africa
5MAScTGPHzWAeivPjpATa9,"My Woman, My Everything (feat. Wandecoal)",Patoranking;Wande Coal,"My Woman, My Everything (feat. Wandecoal) - Single",53,233717,0.902,0.845,0.625,0.0438,112.005,dancehall,West Africa
3qF8DcoQpQ1IXlMbTKHylP,Pull Up,Timaya;Burna Boy,Chulo Vibes,53,196800,0.847,0.7,0.88,0.678,99.956,dancehall,West Africa
3B5slaBuBK0BsuNw570pmx,Like I Do,Fireboy DML,"Laughter, Tears & Goosebumps",53,232800,0.561,0.515,0.503,0.419,100.268,dancehall,West Africa
0hp62UwmajmzAjXkMKznhD,Collabo,P-Square;Don Jazzy,Double Trouble,53,223587,0.566,0.903,0.905,0.362,194.825,dancehall,West Africa
6U9jxxdQ6TNzjshIpwWMTf,Ma Lo,Tiwa Savage;Wizkid;Spellz,Sugarcane,53,182857,0.788,0.721,0.653,0.424,105.23,dancehall,West Africa
4NLFnAPoMAiuuK8iXnit6W,Ozumba Mbadiwe,Reekado Banks,Ozumba Mbadiwe,53,212636,0.785,0.782,0.635,0.424,109.961,dancehall,West Africa
0WZv29OGhRABeryXBPMAV6,Ozumba Mbadiwe - Remix,Reekado Banks;Fireboy DML,Ozumba Mbadiwe (Remix),53,211636,0.758,0.795,0.63,0.438,109.981,dancehall,West Africa
7pG2mohladBSpE6CqxFik5,Johnny,Yemi Alade,King Of Queens,53,236012,0.84,0.842,0.875,0.2,125.104,dancehall,West Africa
4LbEUmACVAFj8e0WrMUdlN,Rock Your Body,Burna Boy,Outside,53,221228,0.801,0.623,0.801,0.107,104.985,dancehall,West Africa
7ihWJfl0tB31F46fMiAVBZ,Shekini,P-Square,Double Trouble,53,218165,0.822,0.856,0.98,0.0252,94.486,dancehall,West Africa
2lGcaj9uJ8ahQxbNvvEqHi,Time to Party,Flavour;Diamond Platnumz,Time to Party,52,212532,0.849,0.735,0.97,0.237,121.932,dancehall,West Africa
2NcJDSpMJsbyabOLoa00GM,Free My Mind,Omah Lay,Free My Mind,52,175989,0.771,0.37,0.941,0.426,94.893,dancehall,West Africa
3E3WIVDBt4rX4N2kRrwSah,Fine Wine (feat. King Promise & Joeboy),R2Bees;King Promise;Joeboy,Fine Wine (feat. King Promise & Joeboy),52,230400,0.766,0.741,0.598,0.362,99.997,dancehall,West Africa
62cC7k1opRIS9sdviJnVj5,Abeg,DJ Neptune;Joeboy;Omah Lay,Greatness 2.0,52,159130,0.632,0.516,0.339,0.239,122.11,dancehall,West Africa
2v52t6uTRjPIgnh9HHBAaf,Onyeka (Baby),Burna Boy,Twice As Tall,52,202146,0.825,0.685,0.304,0.155,102.03,dancehall,West Africa
03cKmr45ZcgYzng3s76STy,Feel,Fireboy DML,"Laughter, Tears & Goosebumps",52,194400,0.835,0.752,0.737,0.31,100.011,dancehall,West Africa
2xXRKDCqZYmbbwwIUerigW,Wetin Man Go Do,Burna Boy,African Giant,52,188181,0.857,0.787,0.87,0.28,98.221,dancehall,West Africa
6XPPB2eOwBid6EbveTmVYe,Shakara,Ice Prince;CKay,Shakara,51,200869,0.861,0.661,0.677,0.129,92.027,dancehall,West Africa
771tThfRECkaHjTKb6clZx,Begging,Yemi Alade,Begging,51,135272,0.793,0.566,0.705,0.416,110.035,dancehall,West Africa
2IMFiHPG7RF5acB0QPFJyj,Full Current (That's My Baby),Phyno;Tekno,Full Current (That's My baby),51,208296,0.807,0.673,0.411,0.0525,113.031,dancehall,West Africa
092PSCM3LlkiCatgTN0vrU,Oliver Twist,D'banj,King Don Come,51,237453,0.83,0.881,0.866,0.429,125.021,dancehall,West Africa
5lLwFE3fCAQllnPLsKtFP9,Hypertension,Peruzzi,Hypertension / Things I Need,51,197894,0.844,0.839,0.621,0.00486,113.933,dancehall,West Africa
5lAOltJO0aw2FUP5Use4cD,Baby I'm Jealous,Mr Eazi;emPawa Africa;King Promise,One Day You Will Understand,51,150000,0.667,0.442,0.526,0.148,107.092,dancehall,West Africa
71iknvVFjHMMs0nit8eh2M,Doyin,Mr Eazi;Simi,Doyin,50,153962,0.683,0.688,0.41,0.00659,105.999,dancehall,West Africa
5GmvLu8Ok9KqBakA6jTEVK,Abule,Patoranking,Three,50,199198,0.687,0.79,0.603,0.119,99.669,dancehall,West Africa
6My7ThfS01lzN9gmBXsF4s,LoLo,Eugy,LoLo,50,166322,0.766,0.622,0.426,0.317,187.936,dancehall,West Africa
7MtpW10epOD3sUtURL5ZDu,Nobody,DJ Neptune;Joeboy;Mr Eazi,Nobody,50,145860,0.707,0.866,0.768,0.251,108.053,dancehall,West Africa
2tZPZ1lT8TMlEUxXTxCCeO,Jaiye (Ihe Geme),P-Square,Jaiye (Ihe Geme),50,234404,0.696,0.887,0.695,0.284,117.027,dancehall,West Africa
38hOrmc7D0YqWZ2QYdxgK2,Desire,Limoblaze;Emandiong,Desire,49,204521,0.699,0.858,0.432,0.0332,115.113,afrobeat,West Africa
7EEinxDxDsRX3AIIJ026TZ,safe haven,Omah Lay,Boy Alone,49,169031,0.678,0.469,0.207,0.488,107.961,dancehall,West Africa
3mNtJ94LS5gTrclSCE9w9r,Eye Nyam Nam 'A' Mensuro - Henrik Schwarz Blend,Ebo Taylor;Pat Thomas;Henrik Schwarz,Ene Nyame (Henrik Schwarz Blend),49,563866,0.761,0.626,0.715,0.0172,124.024,afrobeat,West Africa
0Eq1YipYrFdRzPKT8y7iOC,Love Like This (feat. Fireboy DML),Lil Kesh;Fireboy DML,Ecstasy,49,189280,0.716,0.736,0.41,0.109,104.039,dancehall,West Africa
0RqiNQYAB75utUwQF82MdY,Jealous,Fireboy DML,"Laughter, Tears & Goosebumps",49,216699,0.761,0.789,0.283,0.111,103.01,dancehall,West Africa
1rgK0UrJNwkaIptPI0a5kg,Need You,Fireboy DML,"Laughter, Tears & Goosebumps",49,221538,0.412,0.546,0.403,0.794,174.829,dancehall,West Africa
3gUQD6BF1RKWsWfboTZYuE,temptations,Omah Lay,Boy Alone,48,151588,0.572,0.515,0.607,0.564,95.691,dancehall,West Africa
0rWlFiu0sMqLdtrViUwLT5,Chop My Money - Remix,P-Square;Akon;May D,Chop My Money,48,272297,0.812,0.812,0.892,0.0879,127.017,dancehall,West Africa
0s3ZpsAaVCbWxDhLq2B2wh,Scatter,Fireboy DML,"Laughter, Tears & Goosebumps",48,164000,0.726,0.802,0.593,0.0428,119.829,dancehall,West Africa
7yIsvwkZuWuskQrbtVWfrN,Tattoo,Fireboy DML,APOLLO,48,176842,0.716,0.528,0.482,0.642,95.104,dancehall,West Africa
2oWex6rYoQ7Bl2D9zG8d3F,Water No Get Enemy,Fela Kuti,The Best of the Black President,48,591693,0.641,0.926,0.883,0.11,90.934,afrobeat,West Africa
6K8y9WcUbgv0j7RGceHvym,Ikeja Roads,Tony Allen,Afrobeat Makers (Tony Allen Rhythms Revisited),48,160948,0.777,0.598,0.684,0.023,100.007,afrobeat,West Africa
6qXdAsUH8I7j3A0d7sX6qz,What If I Say,Fireboy DML,"Laughter, Tears & Goosebumps",47,213916,0.825,0.685,0.73,0.387,92.021,dancehall,West Africa
5PRGmpPJzsrOXijZdXalVK,TOP MAMA,SPINALL;Reekado Banks;Phyno;Ntosh Gazi,TOP MAMA,47,208141,0.842,0.641,0.462,0.00997,112.988,dancehall,West Africa
5zN3hyqfKLYMZ0VGnBvahT,Ello Baby,Tiwa Savage;Kizz Daniel;Young John,Ello Baby,47,166008,0.781,0.938,0.962,0.193,119.867,dancehall,West Africa
24kLQBF5CBJyr0x06lRpiy,Take Control,DJ Battle;Jahyanai;Bamby;Mr Eazi,Take Control,46,213354,0.754,0.72,0.508,0.0211,98.0,dancehall,West Africa
3wrlAsyyrqVoC9fuDWyziG,Airplane Mode,Fireboy DML,APOLLO,46,177600,0.552,0.527,0.518,0.267,92.342,dancehall,West Africa
3911Bzzv8FHgbitJzXFjxh,Toumast Tincha,Tinariwen,Emmaar,46,260253,0.3,0.66,0.189,0.485,87.4,guitar,West Africa
6HrYi2gwKxrwEtZX3Orype,Every Season,Tony Allen;Damon Albarn;Ty,HomeCooking,46,247306,0.751,0.735,0.721,0.0626,163.852,afrobeat,West Africa
1VCzfYwgyZk4fYl7Tyv7BC,Bank Alert,P-Square,Bank Alert,45,253939,0.811,0.92,0.973,0.0736,129.959,dancehall,West Africa
4icYKOgfJLxp44GNWEZqyJ,Grateful,Limoblaze;Moses Bliss,Grateful,45,224634,0.729,0.866,0.711,0.267,131.913,afrobeat,West Africa
2st24VONuY9hqiGAPkhyua,Tamiditine,Bombino,Nomad,45,279346,0.54,0.359,0.2,0.811,113.376,guitar,West Africa
5CHXbSS76okOT6NeuEY9gr,Oh My Gawd (feat. Nicki Minaj & K4mo),Mr Eazi;Major Lazer;Nicki Minaj;Diplo;K4mo,Oh My Gawd (feat. Nicki Minaj & K4mo),45,180000,0.82,0.866,0.834,0.152,94.018,dancehall,West Africa
1ETZhP9orTkDclKEyt0xqm,Fantastic Man,William Onyeabor,World Psychedelic Classics 5: Who Is William Onyeabor?,45,386160,0.7,0.756,0.944,0.00182,114.28,afrobeat,West Africa
6BnKiK0FwqJoqCdVKh442g,Love You Die (feat. Diamond Platnumz),Patoranking;Diamond Platnumz,Love You Die (feat. Diamond Platnumz),44,195597,0.79,0.699,0.771,0.14,105.04,dancehall,West Africa
4rEuaYXYUrHtcpIo26pxAt,Attention,Tiwa Savage,Attention,44,208000,0.758,0.631,0.292,0.229,105.001,dancehall,West Africa
1QG3f3TYy9mci5ogEu2PyS,Nànnuflày,Tinariwen;Kurt Vile;Mark Lanegan,Elwan,44,303106,0.602,0.476,0.301,0.854,118.417,guitar,West Africa
3FEc6z5Q5mgeZtbeBDNEEy,African Queen,2Baba,REWIND. SELECT. UPDATE,44,264360,0.579,0.777,0.838,0.385,77.893,dancehall,West Africa
6G2M6vvToPz12ghZpeJSGe,Atomic Bomb - William Onyeabor vs. Hot Chip,William Onyeabor;Hot Chip,What?!,44,436236,0.834,0.56,0.78,0.0145,125.798,afrobeat,West Africa
6lnXNuAixFoNuoEe2dXb6d,For Me,Limoblaze;Marizu,Afrobeats Rap and Jesus,43,194063,0.728,0.719,0.719,0.477,107.95,afrobeat,West Africa
5FmPigqSIfk8zr2kx0H4vz,Sastanàqqàm,Tinariwen,Elwan,42,204600,0.729,0.663,0.431,0.0295,98.512,guitar,West Africa
1V9xax1XoP0YpVp941UHJt,I'm In Love,Patoranking,I'm In Love,42,209638,0.712,0.833,0.605,0.106,106.012,dancehall,West Africa
4rEp8rVONwpPNdFyYzRw0H,Your Love,Limoblaze;Dj Horphuray,Afrobeats Rap and Jesus,42,224208,0.795,0.719,0.958,0.115,110.02,afrobeat,West Africa
7EhvL5VsfrvU7qRittMpBL,Iswegh Attay,Tinariwen,Tassili,41,336120,0.545,0.448,0.58,0.787,156.05,guitar,West Africa
6GL0fX7lcTWiWqdCocOLk7,Victory,Eben,Victory,41,230505,0.751,0.697,0.879,0.372,125.924,afrobeat,West Africa
3RZoPvPHZsPTTc94DfWSCL,Zombie,Fela Kuti,Zombie,41,745653,0.672,0.942,0.574,0.386,131.45,afrobeat,West Africa
6vxVWANYDzpoWJcF4vVbr2,Jesus at the Centre,Eben,Victory,41,369529,0.489,0.557,0.11,0.0329,135.907,afrobeat,West Africa
03UnPfDS0FvZzi0Z3I7yue,Okay,Limoblaze;Ada Ehi,Okay,40,155468,0.787,0.751,0.834,0.394,105.003,afrobeat,West Africa
7xdHQUxVj0aOAvUOGLCYj3,Love My Baby,Wizkid,Superstar,40,246828,0.757,0.833,0.7,0.314,121.067,dancehall,West Africa
1B6d6tSoQTZyYalEFVu86p,No One Like You,Eben;Nathaniel Bassey,No One Like You,40,317675,0.652,0.529,0.488,0.357,129.861,afrobeat,West Africa
3JtT1jQsPFNI5JQSwoNPqH,Kpuu Kpa Challenge (Boga Dance Edition),DJ Flex;Shatta Wale;Uk Boga,Kpuu Kpa Challenge (Boga Dance Edition),39,111360,0.843,0.896,0.865,0.104,137.966,club,West Africa
1sXLitmQULzwiWR8D38Ekw,Cler Achel,Tinariwen,Aman Iman: Water Is Life,39,267533,0.685,0.797,0.926,0.506,98.614,guitar,West Africa
1Trsjxw3OfwzIVsSuItgIa,This Loving,Limoblaze;Johnny Drille,This Loving,38,156831,0.564,0.483,0.569,0.53,101.095,afrobeat,West Africa
0oBjCx63OwKT7anxNGO48A,Good God,Limoblaze;Ada Ehi,God's Favourite Baby,37,215733,0.285,0.513,0.221,0.656,82.303,afrobeat,West Africa
2yBjFF19OmukrC7deP7LfZ,Expensive Shit,Fela Kuti;Afrika 70,Expensive Shit,36,793200,0.612,0.876,0.677,0.22,123.866,afrobeat,West Africa
52DcY4RSDQzvEEdLp1q02h,Ride On Baby - 1977 Version,William Onyeabor,Crashes In Love (1977 Version),31,390280,0.519,0.804,0.841,0.696,104.883,afrobeat,West Africa
3aYnx0DinQBKrjS5OjSDEq,Go Back,Tony Allen;Damon Albarn,Été jazz,29,337493,0.501,0.911,0.724,0.0342,82.34,afrobeat,West Africa
6m6huMZwZlXHORG96RIa8E,Beautiful Baby,William Onyeabor,Atomic Bomb,24,505973,0.852,0.442,0.946,0.446,107.426,afrobeat,West Africa
3Wgg2Se9D2QL9I3oR8GUy8,Mizin,Ebo Taylor,Love & Death,22,312419,0.808,0.841,0.891,0.402,106.477,afrobeat,West Africa
3OGKGvLhd2rN04g2iaCXVs,Adará,Abayomy Afrobeat Orquestra;Orlando Julius,Adará,21,267091,0.613,0.9,0.664,0.00838,121.032,afrobeat,West Africa
3dvYujyJXn2fuNalpg6r0E,Sorry Sorry - Old School Afro Dub,Femi Kuti,Hôtel Costes 2 - La Suite,21,444159,0.763,0.871,0.618,0.0238,101.199,afrobeat,West Africa
7K6RK6aNVvcRZPBDoegoWO,Blow My Mind - Spanish Remix,Limoblaze;Ada Betsabe;Principal,Blow My Mind,20,187547,0.709,0.594,0.879,0.367,189.916,afrobeat,West Africa
37f6peyU40XhYpmm2bdiVL,Shame,William Onyeabor,Atomic Bomb,20,350640,0.829,0.448,0.749,0.34,103.306,afrobeat,West Africa
74ZYdKyVYgiemIALe3w5Za,The Moon and The Sun,William Onyeabor,Hypertension,20,560280,0.616,0.838,0.849,0.279,145.936,afrobeat,West Africa
0OZt04ueuAb8LlRdyqY6BP,Love Thy Neighbour,Orlando Julius;The Heliocentrics,Jaiyede Afro,19,258333,0.628,0.93,0.699,0.00866,108.168,afrobeat,West Africa
37IbDeC2CfODD3OGcAO8Vd,Ruby,Ali Farka Touré;Toumani Diabaté,Ali & Toumani,19,355840,0.361,0.31,0.408,0.802,177.659,afrobeat,West Africa
3W515NICo3xbpXaymNDFPx,Mind Your Own Business,Ebo Taylor,Yen Ara,18,313866,0.622,0.907,0.825,0.0381,125.77,afrobeat,West Africa
20YRsH03UqJH37NLydGdgo,Ise Nla,Tony Allen,Lagos No Shaking,18,319533,0.774,0.907,0.962,0.304,110.0,afrobeat,West Africa
72owuO04tFBFbYbGw84tai,Do You Want a Man - Heaven & Hell Remix,William Onyeabor;The Vaccines;John Hill;Rich Costey,What?!,18,145773,0.603,0.921,0.816,0.198,122.978,afrobeat,West Africa
5MA7jaAdA1oZ2Jcrz5gqaJ,Let's Fall in Love,William Onyeabor,World Psychedelic Classics 5: Who Is William Onyeabor?,18,439280,0.713,0.958,0.961,0.461,131.462,afrobeat,West Africa
6aM1dvHvOjUSNbWsp3zLdJ,Victory,Rehmahz;Limoblaze,Victory,18,216868,0.672,0.437,0.411,0.486,126.599,afrobeat,West Africa
7qGrjVQQmh6blinO4DyK3c,Lady,Fela Kuti,The Best of the Black President,18,828586,0.747,0.858,0.536,0.302,106.693,afrobeat,West Africa
6cLtKtakegCY6n7iepcLYJ,Love and Death,Ebo Taylor;Uhuru-Yenzu,Conflict,18,499733,0.804,0.92,0.811,0.158,108.979,afrobeat,West Africa
6c5flx9Sfv7qCFlx1aVPSG,Ewa,Tony Allen,Film Of Life,17,251146,0.692,0.884,0.19,0.0317,112.976,afrobeat,West Africa
5sJFoe1ln1AzL3wr5AebUo,Atomic Bomb,William Onyeabor,Atomic Bomb,17,480146,0.761,0.382,0.966,0.0279,116.887,afrobeat,West Africa
5gDTvqxpIAAAXLIUPYKsTM,Eledumare,Limoblaze,Blind,17,200412,0.709,0.854,0.816,0.492,103.018,afrobeat,West Africa
4L7JX8Uq8VsDRCX8WeePop,Tiger's Skip,Tony Allen,Film Of Life,17,231640,0.727,0.481,0.451,0.0266,147.327,afrobeat,West Africa
5JlT1SsR4KxzoFEKV99V0Y,Très magnifique,Tony Allen;T$unami811,There Is No End,17,203120,0.725,0.875,0.725,0.0513,155.057,afrobeat,West Africa
22RPKKHCEqiEYQMjc7Ed9o,When The Going Is Smooth & Good,William Onyeabor,Anything You Sow,17,773800,0.826,0.629,0.54,0.357,128.164,afrobeat,West Africa
18KoaDzZsY79E3WWggcvTE,African Man,Tony Allen,Film Of Life,17,303133,0.692,0.98,0.686,0.106,114.956,afrobeat,West Africa
1qDozvANiff3iPglEdPJub,Woman To Man,Tony Allen;Ty,HomeCooking,17,287560,0.898,0.801,0.724,0.0105,115.028,afrobeat,West Africa
33dYPQCYUztZKUJqmyQR6L,The Moon and the Sun,William Onyeabor,Box Set,16,560280,0.615,0.838,0.85,0.275,145.961,afrobeat,West Africa
5ksSzUpY892Gga1BlDN9ey,Ai Du (with Ry Cooder),Ali Farka Touré,Talking Timbuktu (with Ry Cooder),16,429973,0.57,0.225,0.408,0.306,151.78,afrobeat,West Africa
3WRLUvhaIpFnXBR9aRvOGc,Better Change Your Mind - Mixed,William Onyeabor,DJ-Kicks (Brandt Brauer Frick) [DJ Mix],16,153306,0.803,0.67,0.87,0.123,117.457,afrobeat,West Africa
5yttdWLpQ3yL09P0tSqM5E,Shuffering and Shmiling,Fela Kuti,The Best of the Black President,16,745386,0.825,0.837,0.495,0.315,123.02,afrobeat,West Africa
5pm9QJLqinadjJD5vXpn2q,Soukora (with Ry Cooder),Ali Farka Touré,Talking Timbuktu (with Ry Cooder),12,365173,0.431,0.328,0.695,0.503,90.316,afrobeat,West Africa
0504BmZ0EdVRO4faj6q0Yc,Monsieur le Maire de Niafunké,Ali Farka Touré;Toumani Diabaté,In the Heart of the Moon,12,238906,0.589,0.427,0.376,0.804,99.648,afrobeat,West Africa
2RGQtpKwzMZ11MsSmSVIcl,Day Like This - Molo Remix,Theo Parrish;Tony Allen;ESKA;Andrew Ashong,Day Like This (Molo Remix),11,229161,0.599,0.593,0.52,0.0733,155.011,detroit-techno,West Africa
28HE2hcTggk9F46G9Ra6PY,Bonde (with Ry Cooder),Ali Farka Touré,Talking Timbuktu (with Ry Cooder),11,328826,0.514,0.532,0.553,0.712,113.821,afrobeat,West Africa
4fb7CtOq5pb3gNcC6ebfQF,Warbé,Ali Farka Touré;Toumani Diabaté,Ali & Toumani,10,291226,0.601,0.247,0.373,0.938,148.516,afrobeat,West Africa
41irZgb5B8FQrOghV9nMtg,56,Ali Farka Touré;Toumani Diabaté,Ali & Toumani,10,417186,0.448,0.411,0.471,0.807,89.475,afrobeat,West Africa
3JIKbZm4XjwM2BcuK5pSHw,Sabu Yerkoy,Ali Farka Touré;Toumani Diabaté,Ali & Toumani,10,248986,0.599,0.364,0.697,0.787,81.317,afrobeat,West Africa
0Wqht20X3ZII115vByDReU,Savane,Ali Farka Touré,Savane,9,463920,0.764,0.282,0.504,0.77,135.736,afrobeat,West Africa
67PY8HBV98iVLodNXhBk8V,Doudou,Ali Farka Touré;Toumani Diabaté,Ali & Toumani,9,287146,0.404,0.397,0.69,0.848,171.012,afrobeat,West Africa
1oAM55oTaAwYWxH2jNISgy,Da,Salif Keita,Africa Rising Vol.2,9,233493,0.735,0.795,0.62,0.266,109.975,blues,West Africa
1IrPSbGITPaMwMMEXfb2DJ,Be Mankan,Ali Farka Touré;Toumani Diabaté,Ali & Toumani,9,306960,0.583,0.206,0.483,0.9,123.362,afrobeat,West Africa
0s3hLSHmF9JBS7bNrx1jRd,Kana Kassy,Ali Farka Touré;Toumani Diabaté,Ali & Toumani,8,250013,0.583,0.44,0.594,0.803,101.799,afrobeat,West Africa
4PJndg0ihTMvqXYtqk0smJ,Together,Moliy;Juls,Honey Doom,7,114672,0.969,0.344,0.923,0.726,126.975,alternative,West Africa
4X0jQ3MRb6QSG83BxjhGAU,Come My Way (Mixed),Wande Coal,Wonderland: Afrobeats Meets Amapiano II (DJ Mix),7,191760,0.872,0.644,0.854,0.795,117.749,dancehall,West Africa
3LaQzvfIetBWdtIV0JoBwF,COMO UN BEBÉ,J Balvin;Bad Bunny;Mr Eazi,Feliz Cumpleaños con Perreo,5,218826,0.825,0.807,0.816,0.0741,103.053,reggae,West Africa
2M8hNjSSsRP89aFs3ISIrS,Body (Mixed),Eugy;Mr Eazi,CruiseControl: How I Met The Biggest Bird (DJ Mix),4,192000,0.795,0.229,0.383,0.429,99.938,swedish,West Africa
1qRlmoXN7LVqMEDJMf5z1g,Murda,Seyi Shay;Patoranking;Shadrach Adeboye,Africa Rising Vol.4,4,210680,0.62,0.841,0.863,0.54,103.066,dancehall,West Africa
58s7n1XdbmiUDYh4cGkHKB,Onyeka (Baby) (Mixed),Burna Boy,CruiseControl: How I Met The Biggest Bird (DJ Mix),3,107750,0.781,0.728,0.363,0.179,103.27,dance,West Africa
4oYuZ3msCWFJX4rMphHaYK,Money Play (Mixed),Burna Boy,CruiseControl: How I Met The Biggest Bird (DJ Mix),3,60250,0.857,0.8,0.488,0.228,106.566,hip-hop,West Africa
6phUiTdE97Qq2sPNvbAlLP,23 (Mixed),Burna Boy,CruiseControl: How I Met The Biggest Bird (DJ Mix),3,90500,0.688,0.541,0.731,0.178,102.736,hip-hop,West Africa
05ySvFMW8LvmiLgbZYGNGL,Ekolo D'Amour,Salif Keita,Best Afropop Tunes,2,235160,0.774,0.8,0.844,0.641,110.996,blues,West Africa
6xLARKaZC103QTEFLwJYm7,Attention,Omah Lay;Justin Bieber,Midnight Music,2,180563,0.817,0.72,0.384,0.172,119.989,dancehall,West Africa
2aDwNKjfh7DBOXV1XgpcIz,Baba,Salif Keita,Africa Rising Vol.1,2,283520,0.695,0.71,0.685,0.322,154.367,blues,West Africa
2bIllkzKKCotWs0AuCsIoh,B. D’OR,Burna Boy;Wizkid,2Step - Pop R'n'B,2,189800,0.873,0.658,0.483,0.00858,104.033,dance,West Africa
4HpIGUXnLp05BdloHiP1P5,Only One Man (Mixed),Shatta Wale,CruiseControl: How I Met The Biggest Bird (DJ Mix),2,90500,0.796,0.629,0.851,0.526,108.211,dancehall,West Africa
5LL99SU67F12BNRCUPRZp3,Sponono (Mixed),Kabza De Small;Wizkid;Burna Boy;Cassper Nyovest;Madumane,Piano Boards w Y2J (DJ Mix),2,239452,0.858,0.63,0.534,0.107,113.004,soul,West Africa
5sJzQgss2kbdsQvnSIyfXc,Killing Me Softly (Mixed),R2Bees,CruiseControl: How I Met The Biggest Bird (DJ Mix),2,88125,0.707,0.835,0.479,0.486,109.387,dancehall,West Africa
1ia62vfFbklbRgNfx0CPC5,Arcoíris,J Balvin;Mr Eazi,Halloween 2022 Perreo Vol. 4,1,187120,0.611,0.781,0.413,0.08,186.162,reggae,West Africa
6LhRAh8p5NN1JLoslFscyy,Somebody’s Son,Tiwa Savage;Brandy,Afrobeats 2022,1,218130,0.705,0.809,0.508,0.145,107.21,dancehall,West Africa
06P47xqCjUCIY2JEzMRufN,"My Money, My Baby - From ""Queen & Slim: The Soundtrack""",Burna Boy,Afropop 2022,1,184724,0.857,0.664,0.637,0.00519,118.972,dancehall,West Africa
6BHXK9T6mVkuExBzVFemLf,Souvent,Salif Keita,Afropop 2022,1,196613,0.496,0.0854,0.648,0.897,85.123,blues,West Africa
3LF7gk7E5fDz1nRfbFXaUf,For My Hand,Burna Boy;Ed Sheeran,Evergreen,1,159123,0.87,0.479,0.717,0.161,104.059,dancehall,West Africa
36YlzbkAZLnOke9yib6Yin,Real Life,Burna Boy;Stormzy,The Hype,1,197933,0.488,0.572,0.415,0.138,132.45,hip-hop,West Africa
4xPfKBa4fKf8O8NHctfdyI,Shoulda,D'banj,Africa Rising Vol.3,0,211626,0.762,0.742,0.912,0.288,110.001,dancehall,West Africa
3tTstc3Hxf38kS7UNHKRZk,Ozumba Mbadiwe (Remix) (Mixed),Reekado Banks;KiDi,Piano Boards w Y2J (DJ Mix),0,113011,0.787,0.749,0.737,0.448,112.949,dancehall,West Africa
7dZmmm2GJW8xMj9Lq7Of2Y,Sweetie Odo,Juls;Sway Clarke,Africa Rising Vol.2,0,155934,0.837,0.448,0.527,0.137,100.09,dancehall,West Africa
3oHhIVVvm5QHyHIVorWNke,Park Well,Tiwa Savage;Davido,Afropop 2022,0,178553,0.613,0.674,0.7,0.576,197.506,dancehall,West Africa
3hlQG5mVjjR5MupseJXkid,Gold,Limoblaze;Ada Ehi,Gold,0,174146,0.479,0.719,0.699,0.214,113.017,afrobeat,West Africa
4MrXEqsQlG9UHpg8guL8EI,Bali Maou,Amadou & Mariam,Best Afrodance Tunes,0,252946,0.783,0.78,0.737,0.149,104.865,blues,West Africa
29W0nW0risI95kRkHsoZai,Ilbiwa,Amadou & Mariam,Afrobeats 2022,0,254106,0.596,0.704,0.318,0.491,96.069,blues,West Africa
7I08CGz9GMcbXcJ4G0IU04,Poulo,Amadou & Mariam,Africa Rising Vol.5,0,407400,0.656,0.881,0.699,0.118,119.48,blues,West Africa
2vruwVOlDYYftyt7v2QddO,Beki Miri,Amadou & Mariam,Afrodance Anthems,0,310973,0.599,0.675,0.7,0.205,173.713,blues,West Africa
0XgVCJOBpSa5ufekVen0fn,Baroni,Amadou & Mariam,Africa Rising Vol.1,0,294093,0.632,0.69,0.824,0.408,133.015,blues,West Africa
6uk2UTJGJcBsCa4mZUWcFn,C'Est Comme Ca,Amadou & Mariam,Afrodance 2022,0,280320,0.695,0.554,0.846,0.198,139.955,blues,West Africa
7bZDI11EKQC1tKIVkAujzi,Kamoukié,Salif Keita,Africa Rising Vol.5,0,303853,0.707,0.933,0.884,0.156,120.042,blues,West Africa
5V2JJJwtnjiAvnhRI1s2Ku,Your Matter,Seyi Shay;Eugy;Efosa,Africa Rising Vol.3,0,219238,0.758,0.677,0.448,0.0484,102.994,dancehall,West Africa
5kMq3x0u1ThMn8zqTRTbi1,Decide,Larry Gaaga;Vector,Afrobeats 2022,0,192000,0.829,0.625,0.459,0.327,105.037,dancehall,West Africa
4CZjdmlZn9A3SgpjLO7FRC,Love Song,Larry Gaaga;Duncan Mighty;Victor AD,Africa Rising Vol.3,0,236000,0.826,0.517,0.694,0.531,108.133,dancehall,West Africa
2ho5wvRDNItNyvzlPnsvWB,In My Head,Larry Gaaga;Patoranking,Africa Rising Vol.2,0,194417,0.735,0.772,0.565,0.379,103.031,dancehall,West Africa
6aaN2LMboLIyNlo7XmPIrP,Patek (Remix),Mr Eazi;Falz;Major League Djz;DJ Tarico;Joey B,Patek (Remix),0,182029,0.848,0.724,0.479,0.0289,112.995,dancehall,West Africa
4WmB9HTKA29OOOXmXTSGUZ,Maayaa,Juls;Tiggs Da Author;Santi,Africa Rising Vol.4,0,186990,0.753,0.649,0.549,0.104,98.027,dancehall,West Africa
2HDfwCQrfY86gPrlJGp4KA,Shekere,Yemi Alade;Angelique Kidjo,Africa Rising Vol.2,0,186311,0.599,0.929,0.847,0.389,213.674,dancehall,West Africa
5441DT9P5AL05PQSoNMNzS,Loved By You,Justin Bieber;Burna Boy,Hidden Gems,0,159250,0.79,0.724,0.642,0.0696,101.04,pop,West Africa
2itCtBJUyVDJUjAGKWANCk,Tales By Moonlight,Tiwa Savage;Amaarae,Best African Club Tunes,0,204444,0.809,0.75,0.451,0.669,108.044,dancehall,West Africa
1aJIyOZ67KgyysvKYpCq1j,True Love,Yemi Alade,Afropop 2022,0,235875,0.749,0.602,0.965,0.0313,120.022,dancehall,West Africa
3lpmIoqpJmiY074Kay62SW,Home,Yemi Alade,Africa Rising Vol.4,0,224000,0.555,0.82,0.968,0.121,113.0,dancehall,West Africa
